id,language,question,answer,status,review_notes,faq_id,source_row,source_item,source_date,category_original,answer_language,pairing_method,answer_original,verified_source,verified_at,duplicate_of
R002_Q01,en,How to equalize grades?,You have to write a letter to Student Service Center,needs_review,,FAQ0001,2,1,2024-10-17,University related/По университету/Университет бойынша,en,numbered,You have to write a letter to Student Service Center,,,
R002_Q02,en,Where can we leave our outerwear?,In the wardrobe,needs_review,Краткий ответ: использовать вместе с вопросом.,FAQ0002,2,2,2024-10-17,University related/По университету/Университет бойынша,en,numbered,In the wardrobe,,,
R002_Q03,en,How many courses should the 1st year students cover?,At least 20 ECTS each semester,needs_review,"Проверить актуальность чисел, сроков, стоимости или должностей.",FAQ0003,2,3,2024-10-17,University related/По университету/Университет бойынша,en,numbered,At least 20 ECTS each semester,,,
R002_Q04,en,What kind of exchange programs are available for CS students?,You should ask the International Relations Office,needs_review,,FAQ0004,2,4,2024-10-17,University related/По университету/Университет бойынша,en,numbered,You should ask the International Relations Office,,,
R003_Q01,en,How to properly establish a timetable?,"First take a subject that you really want to learn after the teacher, keep don't take too many classes for one day",needs_review,,FAQ0005,3,1,2024-10-17,University related/По университету/Университет бойынша,en,numbered,"First take a subject that you really want to learn after the teacher, keep don't take too many classes for one day",,,
R003_Q02,en,How to change major?,"If the major that you want to change is related to your subjects it is real you have to go to student service center, if not then you have to take the UNT for second time with appropriate subjects",needs_review,,FAQ0006,3,2,2024-10-17,University related/По университету/Университет бойынша,en,numbered,"If the major that you want to change is related to your subjects it is real you have to go to student service center, if not then you have to take the UNT for second time with appropriate subjects",,,
R003_Q03,en,Where to withdraw IELTS exam?,"At the E-block there is IELTS examination office, after succesfull passing, You can submit a valid IELTS certificate to SDU to confirm your English level.",needs_review,Сверить условия IELTS: в наборе есть разные трактовки освобождения от английского.,FAQ0007,3,3,2024-10-17,University related/По университету/Университет бойынша,en,numbered,"At the E-block there is IELTS examination office, after succesfull passing, You can submit a valid IELTS certificate to SDU to confirm your English level.",,,
R003_Q04,en,How to make student ONAY?,"You cannot make student ONAY, because our university is not located in Almaty, but we are working with it",needs_review,,FAQ0008,3,4,2024-10-17,University related/По университету/Университет бойынша,en,numbered,"You cannot make student ONAY, because our university is not located in Almaty, but we are working with it",,,
R004_Q01,kk,Портал студенттерге не үшін ыңғайсыз?,"Портал барынша барлық студенттерге ыңғайлы етіліп жасалған, бірақ курстарға регистрация кезінде жұмыс істеуімен мәселе болуы мүмкін",content_review,"Неуверенность, предположение или отсутствие подтверждения в исходном ответе.",FAQ0009,4,1,2024-10-17,портал жайлы,kk,single,"Портал барынша барлық студенттерге ыңғайлы етіліп жасалған, бірақ курстарға регистрация кезінде жұмыс істеуімен мәселе болуы мүмкін",,,
R005_Q01,en,I couldn't find my class,There are maps in each campus block you can find it by it or room numbers means floor and auditory (like 103 is 1floor and 3 auditory starting from the corridor),needs_review,"Проверить актуальность чисел, сроков, стоимости или должностей.",FAQ0010,5,1,2024-10-17,University related/По университету/Университет бойынша,en,numbered,There are maps in each campus block you can find it by it or room numbers means floor and auditory (like 103 is 1floor and 3 auditory starting from the corridor),,,
R005_Q02,en,coffee machine didn't work,"Use the contact number on the coffee machine to report the problem. According to the response, the machines are not owned by SDU.",needs_review,"Проверить актуальность чисел, сроков, стоимости или должностей.",FAQ0011,5,2,2024-10-17,University related/По университету/Университет бойынша,en,numbered,"There have to be contact number, you can call it and explain your problem to the stuff, but coffee machines are not property of SDU",,,
R006_Q01,en,How can I get career advice?,Contact the Career and Professional Development Department or book an individual career consultation.,needs_review,,FAQ0012,6,1,2024-10-17,University related/По университету/Университет бойынша,en,numbered,Contact the Career and Professional Development Department or book an individual career consultation.,,,
R006_Q02,en,Where to get information about internship programs?,Contact the Career Department or check SDU career events and internship opportunities.,needs_review,,FAQ0013,6,2,2024-10-17,University related/По университету/Университет бойынша,en,numbered,Contact the Career Department or check SDU career events and internship opportunities.,,,
R006_Q03,en,Where to go in case of a conflict with a teacher?,Go to the Dean's Office (Deanery) and submit an application regarding the issue.,needs_review,,FAQ0014,6,3,2024-10-17,University related/По университету/Университет бойынша,en,numbered,Go to the Dean's Office (Deanery) and submit an application regarding the issue.,,,
R006_Q04,en,Where can I go for psychological support at the university?,Contact the SDU Psychological Support Center. Students can receive free individual consultations.,needs_review,,FAQ0015,6,4,2024-10-17,University related/По университету/Университет бойынша,en,numbered,Contact the SDU Psychological Support Center. Students can receive free individual consultations.,,,
R007_Q01,en,Can I take a Minor in SDU if I Information Systems student?,Yes you can. You are able to take a Computer Science degree as your Minor.,needs_review,,FAQ0016,7,1,2024-10-17,University related/По университету/Университет бойынша,en,numbered,Yes you can. You are able to take a Computer Science degree as your Minor.,,,
R007_Q02,en,How long i can borrow a book from SDU library?,Books can be borrowed from the SDU Library for two weeks.,needs_review,"Проверить актуальность чисел, сроков, стоимости или должностей. Краткий ответ: использовать вместе с вопросом. Сверить срок выдачи по типу книги; ответы различаются.",FAQ0017,7,2,2024-10-17,University related/По университету/Университет бойынша,en,numbered,Only 2 weeks.,,,
R007_Q03,en,"About clubs, how many clubs at SDU?",At SDU we have more than 40+ clubs.,needs_review,"Проверить актуальность чисел, сроков, стоимости или должностей.",FAQ0018,7,3,2024-10-17,University related/По университету/Университет бойынша,en,numbered,At SDU we have more than 40+ clubs.,,,
R007_Q04,en,Is there any medical help at SDU?,Sure. We have medical center at the campus. You can go there every time only in work weeks.,needs_review,,FAQ0019,7,4,2024-10-17,University related/По университету/Университет бойынша,en,numbered,Sure. We have medical center at the campus. You can go there every time only in work weeks.,,,
R008_Q01,en,Where can I find career counseling services?,At the SDU Career Department. You can book an individual career counseling session.,needs_review,,FAQ0020,8,1,2024-10-17,University related/По университету/Университет бойынша,en,numbered,At the SDU Career Department. You can book an individual career counseling session.,,,
R008_Q02,en,How can I apply for exam retakes?,Apply through the Student Service Center (SSC) or the student portal.,needs_review,,FAQ0021,8,2,2024-10-17,University related/По университету/Университет бойынша,en,numbered,Apply through the Student Service Center (SSC) or the student portal.,,,
R008_Q03,en,What are the requirements for getting a dormitory?,Apply through the SDU Student Portal and meet the university's dormitory eligibility requirements.,needs_review,,FAQ0022,8,3,2024-10-17,University related/По университету/Университет бойынша,en,numbered,Apply through the SDU Student Portal and meet the university's dormitory eligibility requirements.,,,
R008_Q04,en,How can I register for extracurricular workshops or seminars?,"Check announcements from the Career Department, Student Life, and relevant university centers, where workshops and seminars are announced.",needs_review,,FAQ0023,8,4,2024-10-17,University related/По университету/Университет бойынша,en,numbered,"Check announcements from the Career Department, Student Life, and relevant university centers, where workshops and seminars are announced.",,,
R009_Q01,en,"How to find out about all events, competitions, conferences?","sdu site, instagram posts",needs_review,,FAQ0024,9,1,2024-10-17,University related/По университету/Университет бойынша,en,numbered,"sdu site, instagram posts",,,
R009_Q02,en,How to extend the use of the book?,"You have to go to library, and extend the time of the book with device",needs_review,,FAQ0025,9,2,2024-10-17,University related/По университету/Университет бойынша,en,numbered,"You have to go to library, and extend the time of the book with device",,,
R009_Q03,en,What should we do if we have lost our id card?,"Fill out the google form, write your reason and you can get new id (price:2000tg)",needs_review,"Проверить актуальность чисел, сроков, стоимости или должностей.",FAQ0026,9,3,2024-10-17,University related/По университету/Университет бойынша,en,numbered,"Fill out the google form, write your reason and you can get new id (price:2000tg)",,,
R009_Q04,en,Are there available computers and laptops for us to use?,"Yes, in -1.library you can find available computers",needs_review,"Проверить актуальность чисел, сроков, стоимости или должностей.",FAQ0027,9,4,2024-10-17,University related/По университету/Университет бойынша,en,numbered,"Yes, in -1.library you can find available computers",,,
R010_Q01,en,How will I manage the academic workload and independent study?,"By creating a study schedule, prioritizing tasks, and using university resources such as academic advisors and instructors.",needs_review,,FAQ0028,10,1,2024-10-17,University related/По университету/Университет бойынша,en,numbered,"By creating a study schedule, prioritizing tasks, and using university resources such as academic advisors and instructors.",,,
R010_Q02,en,How can I make friends and find like-minded people?,"By joining SDU clubs, student organizations, events, and extracurricular activities.",needs_review,,FAQ0029,10,2,2024-10-17,University related/По университету/Университет бойынша,en,numbered,"By joining SDU clubs, student organizations, events, and extracurricular activities.",,,
R010_Q03,en,What if I chose the wrong major?,Contact your academic advisor or Dean's Office to discuss changing your major or exploring other academic options.,needs_review,,FAQ0030,10,3,2024-10-17,University related/По университету/Университет бойынша,en,numbered,Contact your academic advisor or Dean's Office to discuss changing your major or exploring other academic options.,,,
R010_Q04,en,How can I balance studies with personal life and other responsibilities?,"By planning my time effectively, setting priorities, and maintaining a realistic balance between studying, personal activities, and responsibilities.",needs_review,,FAQ0031,10,4,2024-10-17,University related/По университету/Университет бойынша,en,numbered,"By planning my time effectively, setting priorities, and maintaining a realistic balance between studying, personal activities, and responsibilities.",,,
R011_Q01,en,How can I get access to sdu-mail?,Check your profile in portal. You can find your sdu-mail adress and password. Then use gmail to get access to your sdu-mail,needs_review,,FAQ0032,11,1,2024-10-17,University related/По университету/Университет бойынша,en,numbered,Check your profile in portal. You can find your sdu-mail adress and password. Then use gmail to get access to your sdu-mail,,,
R011_Q02,en,Can I go through the gates if I forgot my ID?,"Since 28 october, you can't.",needs_review,"Проверить актуальность чисел, сроков, стоимости или должностей. Сверить правила входа без ID: в наборе есть противоречия.",FAQ0033,11,2,2024-10-17,University related/По университету/Университет бойынша,en,numbered,"Since 28 october, you can't.",,,
R011_Q03,en,What if I can't get access to halyk bank application?(having the sdu-halyk-card),"If you're not 18, you have to contact with supporters of halyk-bank",needs_review,"Проверить актуальность чисел, сроков, стоимости или должностей.",FAQ0034,11,3,2024-10-17,University related/По университету/Университет бойынша,en,numbered,"If you're not 18, you have to contact with supporters of halyk-bank",,,
R011_Q04,en,Who should I ask if I have any problems?,Contact to your advisor. They somehow know how to solve most of your problems.,needs_review,,FAQ0035,11,4,2024-10-17,University related/По университету/Университет бойынша,en,numbered,Contact to your advisor. They somehow know how to solve most of your problems.,,,
R012_Q01,en,How to get certificates,"In the portal from ""Online services"" menu",needs_review,,FAQ0036,12,1,2024-10-17,University related/По университету/Университет бойынша,en,numbered,"In the portal from ""Online services"" menu",,,
R012_Q02,en,Who's my adviser,Asked from advising desk,needs_review,,FAQ0037,12,2,2024-10-17,University related/По университету/Университет бойынша,en,numbered,Asked from advising desk,,,
R012_Q03,en,Where is Dean's office of my faculty,At F block,needs_review,Краткий ответ: использовать вместе с вопросом.,FAQ0038,12,3,2024-10-17,University related/По университету/Университет бойынша,en,numbered,At F block,,,
R012_Q04,en,"I skipped grade equalising day, when I can equalize grades now?",You can know the day by checking academic calendar,needs_review,,FAQ0039,12,4,2024-10-17,University related/По университету/Университет бойынша,en,numbered,You can know the day by checking academic calendar,,,
R013_Q01,en,How to connect to the university Wi-Fi?,You can connect to the SDU WI-Fi with your SDU Portal credentials,needs_review,,FAQ0040,13,1,2024-10-17,University related/По университету/Университет бойынша,en,numbered,You can connect to the SDU WI-Fi with your SDU Portal credentials,,,
R013_Q02,en,How does the university support student initiatives in start-ups or entrepreneurship?,SDU not supports directly but there will be some competitions were you can realize your idea by winning the prize,needs_review,,FAQ0041,13,2,2024-10-17,University related/По университету/Университет бойынша,en,numbered,SDU not supports directly but there will be some competitions were you can realize your idea by winning the prize,,,
R013_Q03,en,What opportunities does the university offer for interdisciplinary studies and double degrees?,"Students can participate in interdisciplinary programs, academic mobility, and double-degree programs with partner universities.",needs_review,,FAQ0042,13,3,2024-10-17,University related/По университету/Университет бойынша,en,numbered,"Students can participate in interdisciplinary programs, academic mobility, and double-degree programs with partner universities.",,,
R013_Q04,en,How can I find out about opportunities to participate in international student exchange programmes?,Contact the International Relations Office and check SDU announcements for academic mobility and exchange programs.,needs_review,,FAQ0043,13,4,2024-10-17,University related/По университету/Университет бойынша,en,numbered,Contact the International Relations Office and check SDU announcements for academic mobility and exchange programs.,,,
R014_Q01,en,"Is it necessary for a student to have modern technologies at home? For example, a laptop, a touchscreen phone, etc.?","A laptop or computer is recommended for studying, online classes, assignments, and accessing university platforms. A smartphone is also useful, but not essential.",needs_review,,FAQ0044,14,1,2024-10-17,University related/По университету/Университет бойынша,en,numbered,"A laptop or computer is recommended for studying, online classes, assignments, and accessing university platforms. A smartphone is also useful, but not essential.",,,
R014_Q02,en,In what weather will it be possible not to attend the lesson?,Classes may be cancelled or moved online in case of severe weather conditions. The university will notify students through official channels.,needs_review,,FAQ0045,14,2,2024-10-17,University related/По университету/Университет бойынша,en,numbered,Classes may be cancelled or moved online in case of severe weather conditions. The university will notify students through official channels.,,,
R014_Q03,en,What happens if you don't attend the lesson because of an error in the portal?,Contact the IT Support or Student Service Center as soon as possible and provide information about the technical problem. The situation can then be reviewed.,needs_review,,FAQ0046,14,3,2024-10-17,University related/По университету/Университет бойынша,en,numbered,Contact the IT Support or Student Service Center as soon as possible and provide information about the technical problem. The situation can then be reviewed.,,,
R014_Q04,en,What resources are available to help with studying and writing term papers?,"Students can use the SDU Library, electronic databases, academic advisors, instructors, and university online resources.",needs_review,,FAQ0047,14,4,2024-10-17,University related/По университету/Университет бойынша,en,numbered,"Students can use the SDU Library, electronic databases, academic advisors, instructors, and university online resources.",,,
R015_Q01,en,Where can we find our lost things?,"There is an telegram channel, There are found thing posts, and pick up your things at SDU Life",needs_review,,FAQ0048,15,1,2024-10-17,University related/По университету/Университет бойынша,en,numbered,"There is an telegram channel, There are found thing posts, and pick up your things at SDU Life",,,
R015_Q02,en,Why do I need to pay for item drop after add drop?,"Because Item Drop after Add/Drop is a late course change, so an additional fee may apply.",needs_review,"Проверить актуальность чисел, сроков, стоимости или должностей.",FAQ0049,15,2,2024-10-17,University related/По университету/Университет бойынша,en,numbered,"Because Item Drop after Add/Drop is a late course change, so an additional fee may apply.",,,
R015_Q03,en,Why can't we borrow a book from the library for a year?,"Because library books have limited availability, and a shorter loan period allows more students to use them.",needs_review,Сверить срок выдачи по типу книги; ответы различаются.,FAQ0050,15,3,2024-10-17,University related/По университету/Университет бойынша,en,numbered,"Because library books have limited availability, and a shorter loan period allows more students to use them.",,,
R015_Q04,en,Why aren't there separate groups for each profession that can be contacted with questions?,"Students can contact their academic advisor, Dean's Office, or Student Service Center with questions related to their specific profession.",needs_review,,FAQ0051,15,4,2024-10-17,University related/По университету/Университет бойынша,en,numbered,"Students can contact their academic advisor, Dean's Office, or Student Service Center with questions related to their specific profession.",,,
R016_Q01,en,How important is class participation for our grades?,"we have 30% absence rate. If your absences are higher that 30%,you are not allowed to take part in final exams.",content_review,"Ответ про пропуски, вопрос про участие и оценку. Проверить актуальность чисел, сроков, стоимости или должностей.",FAQ0052,16,1,2024-10-17,University related/По университету/Университет бойынша,en,numbered,"we have 30% absence rate. If your absences are higher that 30%,you are not allowed to take part in final exams.",,,
R016_Q02,en,How to find lecture halls and classrooms if I am lost?,You can find a map in telegram groups and there is a bot that will help you to freely orientate in campus,needs_review,,FAQ0053,16,2,2024-10-17,University related/По университету/Университет бойынша,en,numbered,You can find a map in telegram groups and there is a bot that will help you to freely orientate in campus,,,
R016_Q03,en,What is the libraries work hours?,Library works 8:30-20:30 Monday to Friday and 8:30-17:30 at Saturday,needs_review,"Проверить актуальность чисел, сроков, стоимости или должностей.",FAQ0054,16,3,2024-10-17,University related/По университету/Университет бойынша,en,numbered,Library works 8:30-20:30 Monday to Friday and 8:30-17:30 at Saturday,,,
R016_Q04,en,Can I leave my own stuff in university campus or is it dangerous?,"Yes,you can confidently leave your stuff in campus or library. SDU has cameras everywhere and people don’t steal each others stuff here.",content_review,Необоснованная гарантия сохранности вещей.,FAQ0055,16,4,2024-10-17,University related/По университету/Университет бойынша,en,numbered,"Yes,you can confidently leave your stuff in campus or library. SDU has cameras everywhere and people don’t steal each others stuff here.",,,
R017_Q01,en,May students who do not live in dormitory go into dormitory?,"No, without invitation to some event it is not possible",needs_review,,FAQ0056,17,1,2024-10-17,Included both,en,numbered,"No, without invitation to some event it is not possible",,,
R017_Q02,en,What should I do if I want to change the professor?,You can take another teacher in Add/Drop period,needs_review,,FAQ0057,17,2,2024-10-17,Included both,en,numbered,You can take another teacher in Add/Drop period,,,
R017_Q03,en,I payed for two semesters to live in dormitory and can I return back my money for second semester to not live in dormitory,"The dormitory contract is for one academic year, so a refund for the second semester is not automatically guaranteed. You should contact the Dormitory Administration/Accounting to request a refund and find out whether your case qualifies.",needs_review,,FAQ0058,17,3,2024-10-17,Included both,en,numbered,"The dormitory contract is for one academic year, so a refund for the second semester is not automatically guaranteed. You should contact the Dormitory Administration/Accounting to request a refund and find out whether your case qualifies.",,,
R017_Q04,en,Where can I find a good barber in Kaskelen?,"There are many barbershops in Kaskelen, you can use 2GIS app for that, there is also barbershop in SDU DORM",needs_review,"Проверить актуальность чисел, сроков, стоимости или должностей.",FAQ0059,17,4,2024-10-17,Included both,en,numbered,"There are many barbershops in Kaskelen, you can use 2GIS app for that, there is also barbershop in SDU DORM",,,
R018_Q01,en,"You decided to drop the class, dropped it at portal, but do not see ""W"" (withdrawal) letter at the portal. What should you do?","1) Check if you confirmed withdrawal. 2) If you still do not see that your class is marked with letter ""W"", then try to cancel withdrawal and confirm one more time. 3) Visit advising desk and ask why the status of the class does not change to ""W"".",needs_review,"Проверить актуальность чисел, сроков, стоимости или должностей.",FAQ0060,18,1,2024-10-17,Mysdu Portal,en,numbered,"1) Check if you confirmed withdrawal. 2) If you still do not see that your class is marked with letter ""W"", then try to cancel withdrawal and confirm one more time. 3) Visit advising desk and ask why the status of the class does not change to ""W"".",,,
R018_Q02,en,How do I check the balance of my payments (to get to know what amount is left or how much I owe to university)?,"Check menu on the left side of MySDU portal. Select ""Accounting info"" menu item. Then, to get the breakdown of payments, push ""Details"" button.",needs_review,,FAQ0061,18,2,2024-10-17,Mysdu Portal,en,numbered,"Check menu on the left side of MySDU portal. Select ""Accounting info"" menu item. Then, to get the breakdown of payments, push ""Details"" button.",,,
R019_Q01,en,When will the scholarship be given?,The scholarship is usually paid monthly. The exact payment date depends on the type of scholarship and university procedures.,needs_review,,FAQ0062,19,1,2024-10-17,University related/По университету/Университет бойынша,en,numbered,The scholarship is usually paid monthly. The exact payment date depends on the type of scholarship and university procedures.,,,
R019_Q02,en,Is there office where will be given advice about Work and Travel?,"SDU does not support Work & Travel programs, but has partners which works with this",needs_review,,FAQ0063,19,2,2024-10-17,University related/По университету/Университет бойынша,en,numbered,"SDU does not support Work & Travel programs, but has partners which works with this",,,
R019_Q03,en,Which action should be done for being a head of the club?,Contact the Student Life and submit an application or proposal to become a club head.,needs_review,,FAQ0064,19,3,2024-10-17,University related/По университету/Университет бойынша,en,numbered,Contact the Student Life and submit an application or proposal to become a club head.,,,
R019_Q04,en,Can I change my profession from CS to management?,"Yes, you can change your major from CS to Management, but you need to apply through the Student Service Center (SSC). The transfer is possible if the programs meet the university's requirements.",needs_review,,FAQ0065,19,4,2024-10-17,University related/По университету/Университет бойынша,en,numbered,"Yes, you can change your major from CS to Management, but you need to apply through the Student Service Center (SSC). The transfer is possible if the programs meet the university's requirements.",,,
R020_Q01,en,What if i forgot my ID card at home and how i can come inside without card?,You can contact with your advisor and then you enter,needs_review,Сверить правила входа без ID: в наборе есть противоречия.,FAQ0066,20,1,2024-10-17,University related/По университету/Университет бойынша,en,numbered,You can contact with your advisor and then you enter,,,
R020_Q02,en,What if i lost my Halyk bank card?,"Immediately temporarily block the Halyk card in the Halyk app or call 7111. If the card is permanently lost, contact a Halyk branch to reissue the card.",needs_review,"Проверить актуальность чисел, сроков, стоимости или должностей.",FAQ0067,20,2,2024-10-17,University related/По университету/Университет бойынша,en,numbered,"Immediately temporarily block the Halyk card in the Halyk app or call 7111. If the card is permanently lost, contact a Halyk branch to reissue the card.",,,
R020_Q03,en,How to make contact with teacher?,"With corparative Gmail post, you just enter your teacher's name and contact",needs_review,,FAQ0068,20,3,2024-10-17,University related/По университету/Университет бойынша,en,numbered,"With corparative Gmail post, you just enter your teacher's name and contact",,,
R020_Q04,en,Prohibited things in SDU and how to behave yourself in SDU?,"At SDU, students should behave respectfully toward teachers, staff, and other students. Prohibited behavior includes using obscene language, damaging university property, violence or threats, providing false documents, violating sanitary rules, and academic dishonesty such as cheating.",needs_review,,FAQ0069,20,4,2024-10-17,University related/По университету/Университет бойынша,en,numbered,"At SDU, students should behave respectfully toward teachers, staff, and other students. Prohibited behavior includes using obscene language, damaging university property, violence or threats, providing false documents, violating sanitary rules, and academic dishonesty such as cheating.",,,
R021_Q01,ru,"Расположение бочек для лекций запутовала в начале, то есть некоторые кабинеты сложно найти.","Можно знать расположения бочек(лекционных залов) по номеру к примеру(А1 А расположен ближе всего к главному выходу, а 1 первый этаж всего 2 этажа)",needs_review,"Проверить актуальность чисел, сроков, стоимости или должностей.",FAQ0070,21,1,2024-10-17,University related/По университету/Университет бойынша,ru,numbered,"Можно знать расположения бочек(лекционных залов) по номеру к примеру(А1 А расположен ближе всего к главному выходу, а 1 первый этаж всего 2 этажа)",,,
R021_Q02,ru,"Очень слабый wi-fi у сду практически не работает, если работает то очень слабо.","Да может возникать такие проблемы но сейчас работаем с этим, еще можете подключится интернету Freedom",needs_review,"Проверить актуальность чисел, сроков, стоимости или должностей.",FAQ0071,21,2,2024-10-17,University related/По университету/Университет бойынша,ru,numbered,"Да может возникать такие проблемы но сейчас работаем с этим, еще можете подключится интернету Freedom",,,
R021_Q03,ru,Можно ли изменить свою профессию?,Можно узнать у Адвайзер деск,needs_review,,FAQ0072,21,3,2024-10-17,University related/По университету/Университет бойынша,ru,numbered,Можно узнать у Адвайзер деск,,,
R021_Q04,ru,Кто поможет если ты выбрал другую профессию. Например: ты должен был выбрать information system а выбрал computer science потому что никто не проконсультировал.,"Консультант должен сообщить, обьяснить про профессий которые выберет студент.",needs_review,,FAQ0073,21,4,2024-10-17,University related/По университету/Университет бойынша,ru,numbered,"Консультант должен сообщить, обьяснить про профессий которые выберет студент.",,,
R022_Q01,en,What's the limit of subject withdrawals?,No specific maximum is stated by SDU.,needs_review,,FAQ0074,22,1,2024-10-17,Portal and University related,en,numbered,No specific maximum is stated by SDU.,,,
R022_Q02,en,"Is there an upper limit of credits(ects) and if there is,how many credits?",Maximum 40 credits,needs_review,"Проверить актуальность чисел, сроков, стоимости или должностей.",FAQ0075,22,2,2024-10-17,Portal and University related,en,numbered,Maximum 40 credits,,,
R022_Q03,en,What to do if you haven't made it in time for registring for some necessary subjects?,You will have to pay for opening portal for you,needs_review,,FAQ0076,22,3,2024-10-17,Portal and University related,en,numbered,You will have to pay for opening portal for you,,,
R022_Q04,en,"May I enter the area of SDU by showing my dormitory card,if I forgot my ID card in my dormitory room?",Yes you can enter the university area,needs_review,Сверить правила входа без ID: в наборе есть противоречия.,FAQ0077,22,4,2024-10-17,Portal and University related,en,numbered,Yes you can enter the university area,,,
R023_Q01,kk,Егер IT маманы болсаң қандай клубқа кірген жөн?,SDU Technopark software жағынан ал егер Data science болса SDU AI LAB,needs_review,,FAQ0078,23,1,2024-10-17,University related/По университету/Университет бойынша,kk,numbered,SDU Technopark software жағынан ал егер Data science болса SDU AI LAB,,,
R023_Q02,kk,Егер экзамен кезінде лекцияда өтілмеген және мұғалім ескертпеген тақырып келсе не істеймін?,Ондай сұрақты мұғаліммен сөйлесіп тесттен алып тастау және оған балл санамау,needs_review,,FAQ0079,23,2,2024-10-17,University related/По университету/Университет бойынша,kk,numbered,Ондай сұрақты мұғаліммен сөйлесіп тесттен алып тастау және оған балл санамау,,,
R023_Q03,kk,"Егер кітапханадан кітап алып, оны жоғалтып алсам, не істеу керек?",Ондай жағдайда кітаптің ақшасын қайтару керек,needs_review,,FAQ0080,23,3,2024-10-17,University related/По университету/Университет бойынша,kk,numbered,Ондай жағдайда кітаптің ақшасын қайтару керек,,,
R023_Q04,kk,"Егер затымды жоғалтып алсам, табу үшін кімнен көмек сұрай аламын? Видеонаблюдения дан қарауға рұқсат етілеме?",Lost and Found қызметі бар telegram-нан немесе SDU Life тан көрсеңіз болады,needs_review,,FAQ0081,23,4,2024-10-17,University related/По университету/Университет бойынша,kk,numbered,Lost and Found қызметі бар telegram-нан немесе SDU Life тан көрсеңіз болады,,,
R024_Q01,en,Some teachers do not teach in English when we have applied for English teaching classes.,"SDU states that education is conducted in English for most programs, but I could not find an official rule specifically addressing a teacher conducting an English-registered class in another language. This should be reported to the faculty/School if it happens",content_review,"Неуверенность, предположение или отсутствие подтверждения в исходном ответе.",FAQ0082,24,1,2024-10-17,University related/По университету/Университет бойынша,en,numbered,"SDU states that education is conducted in English for most programs, but I could not find an official rule specifically addressing a teacher conducting an English-registered class in another language. This should be reported to the faculty/School if it happens",,,
R024_Q02,en,"For international student, can our portal open at the same time as the local students here? or else we are having problems with unavailable courses.","SDU's official calendar shows registration dates by student category/year, but I could not find an official statement that international students must have the portal opened at exactly the same time as local students. SDU does confirm that course quotas can be limited and advises contacting the faculty specialist if there are not enough places.",content_review,"Неуверенность, предположение или отсутствие подтверждения в исходном ответе.",FAQ0083,24,2,2024-10-17,University related/По университету/Университет бойынша,en,numbered,"SDU's official calendar shows registration dates by student category/year, but I could not find an official statement that international students must have the portal opened at exactly the same time as local students. SDU does confirm that course quotas can be limited and advises contacting the faculty specialist if there are not enough places.",,,
R024_Q03,en,Sometimes we have problems with our electronic attendance expiring.,"For a technical portal problem, SDU directs students to submit a ticket through the SDU Helpdesk.",needs_review,,FAQ0084,24,3,2024-10-17,University related/По университету/Университет бойынша,en,numbered,"For a technical portal problem, SDU directs students to submit a ticket through the SDU Helpdesk.",,,
R025_Q01,en,How can you be sure if you study at the Faculty of Technology that you will find a job?,"always try to choose what you like and always work hard, you will definitely find a job",content_review,Необоснованная гарантия трудоустройства.,FAQ0085,25,1,2024-10-17,they include the university and the dormitory and psychology too,en,numbered,"always try to choose what you like and always work hard, you will definitely find a job",,,
R025_Q02,en,How do first-year students with an elementary level of English cope with depression when all the psychologists at the university are already busy.,always communucate with others,content_review,Ответ не решает вопрос о доступе к психологической помощи.,FAQ0086,25,2,2024-10-17,they include the university and the dormitory and psychology too,en,numbered,always communucate with others,,,
R025_Q03,en,"There is no microwave in the dorm on the floors, which makes life difficult for those who live in the upper floors, because they need to go downstairs every time they want to eat",it would be better to put microwaves in each floor,content_review,"Предложение, а не действующая услуга.",FAQ0087,25,3,2024-10-17,they include the university and the dormitory and psychology too,en,numbered,it would be better to put microwaves in each floor,,,
R025_Q04,en,what should I do if the practice teacher does not come to class all the time and you are very far behind the topic and the rector of the same subject is not clear since he is a graduate student,tell about it to your advisor,needs_review,,FAQ0088,25,4,2024-10-17,they include the university and the dormitory and psychology too,en,numbered,tell about it to your advisor,,,
R026_Q01,en,"The enrollment takes too long,especially if you dont have a national passport.",Make the enrollment faster by having it start earlier so we can finish it before it starts. Preferably in start of July.,content_review,"Предложение по улучшению, а не действующее правило.",FAQ0089,26,1,2024-10-17,University related/По университету/Университет бойынша,en,numbered,Make the enrollment faster by having it start earlier so we can finish it before it starts. Preferably in start of July.,,,
R026_Q02,en,Why do international students have to wait a week to start their lessons when native students do it earlier?,Give compensation by letting them join online.,content_review,"Предложение по улучшению, а не действующее правило.",FAQ0090,26,2,2024-10-17,University related/По университету/Университет бойынша,en,numbered,Give compensation by letting them join online.,,,
R026_Q03,en,"There is no clear explanation of the fields we choose. There should be more guidance on choosing a field. I for example choose computer science for my software engineer studies, but i found out i have Hardware as well. Which makes me surprised.","Make it more clear by having a person or a group of people for each faculty, guiding and answering questions about the field.",content_review,"Предложение по улучшению, а не действующее правило.",FAQ0091,26,3,2024-10-17,University related/По университету/Университет бойынша,en,numbered,"Make it more clear by having a person or a group of people for each faculty, guiding and answering questions about the field.",,,
R026_Q04,en,Why are they're so little space to study? I mean there are almost 2000-3000 students in the sdu everyday. The study places are like only up to 200 maybe.,"make a separate building just for studying, which will make students not try to look for every section of the building to study.",content_review,"Предложение по улучшению, а не действующее правило. Проверить актуальность чисел, сроков, стоимости или должностей.",FAQ0092,26,4,2024-10-17,University related/По университету/Университет бойынша,en,numbered,"make a separate building just for studying, which will make students not try to look for every section of the building to study.",,,
R027_Q01,en,Where can we see the price we have collected.,if you open a website for this purpose,content_review,"Ответ не объясняет, где посмотреть сумму. Проверить актуальность чисел, сроков, стоимости или должностей.",FAQ0093,27,1,2024-10-17,University related/По университету/Университет бойынша,en,numbered,if you open a website for this purpose,,,
R027_Q02,en,Why attendance sometimes fails to do when creating via QR.,QR attendance can fail because of a technical issue with the attendance system; SDU’s official pages do not specify a particular reason.,needs_review,,FAQ0094,27,2,2024-10-17,University related/По университету/Университет бойынша,en,numbered,QR attendance can fail because of a technical issue with the attendance system; SDU’s official pages do not specify a particular reason.,,,
R027_Q03,en,Will the account opened for the passage of the scholarship be closed after graduation from the University,The scholarship bank account is opened for receiving the scholarship; SDU does not state that it is automatically closed after graduation.,needs_review,,FAQ0095,27,3,2024-10-17,University related/По университету/Университет бойынша,en,numbered,The scholarship bank account is opened for receiving the scholarship; SDU does not state that it is automatically closed after graduation.,,,
R027_Q04,en,Is it worth taking a course if I improve my English level earlier,"Yes, if the course is part of your required curriculum. SDU states that English-language courses are part of some programs and that language preparation depends on the student’s level.",needs_review,,FAQ0096,27,4,2024-10-17,University related/По университету/Университет бойынша,en,numbered,"Yes, if the course is part of your required curriculum. SDU states that English-language courses are part of some programs and that language preparation depends on the student’s level.",,,
R028_Q01,en,How to internatioal students who can not speak Russian or Kazakh order food at red canteen?,International students can ask the canteen staff for assistance or use a translation app when ordering.,needs_review,,FAQ0097,28,1,2024-10-17,Both of them.,en,numbered,International students can ask the canteen staff for assistance or use a translation app when ordering.,,,
R028_Q02,en,Why isn't there any express delivery point in University or near by University unlike other Universities?,SDU does not publicly state an official reason for not having an express-delivery point on or near campus.,content_review,"Неуверенность, предположение или отсутствие подтверждения в исходном ответе.",FAQ0098,28,2,2024-10-17,Both of them.,en,numbered,SDU does not publicly state an official reason for not having an express-delivery point on or near campus.,,,
R028_Q03,en,Why doesn't the dormitory have an elevator like in the university?(dormitory is five floors!!),SDU does not publicly state an official reason why the dormitory does not have an elevator.,content_review,"Неуверенность, предположение или отсутствие подтверждения в исходном ответе.",FAQ0099,28,3,2024-10-17,Both of them.,en,numbered,SDU does not publicly state an official reason why the dormitory does not have an elevator.,,,
R028_Q04,en,How can we ensure that no one has washed socks or underwear in a public washing machine?,SDU does not publicly state a specific procedure for checking what students wash in public washing machines.,content_review,"Неуверенность, предположение или отсутствие подтверждения в исходном ответе.",FAQ0100,28,4,2024-10-17,Both of them.,en,numbered,SDU does not publicly state a specific procedure for checking what students wash in public washing machines.,,,
R029_Q01,kk,"Залдың тренажерлары аз, сапасыз","ренажерларды кезең-кезеңімен жаңарту және студенттер арасында сауалнама өткізіп, ең қажетті жабдықтарды бірінші сатып алу. SDU-де спорт инфрақұрылымын дамытуға арналған бюджет қарастырылған.",needs_review,Сверить конкретный зал и платность доступа: ответы различаются.,FAQ0101,29,1,2024-10-17,Dormitory related/По общежитию/Жатақхана бойынша,kk,single,"ренажерларды кезең-кезеңімен жаңарту және студенттер арасында сауалнама өткізіп, ең қажетті жабдықтарды бірінші сатып алу. SDU-де спорт инфрақұрылымын дамытуға арналған бюджет қарастырылған.",,,
R030_Q01,kk,ыстық су жоқ,"ақауды Maintenance Department-ке немесе жатақхана reception-ына бірден тіркеп, жөндеу мерзімін студенттерге хабарлау. SDU Maintenance Department жылу және басқа инженерлік жүйелердің жұмысын қамтамасыз етуге жауапты.",needs_review,,FAQ0102,30,1,2024-10-17,Dormitory related/По общежитию/Жатақхана бойынша,kk,single,"ақауды Maintenance Department-ке немесе жатақхана reception-ына бірден тіркеп, жөндеу мерзімін студенттерге хабарлау. SDU Maintenance Department жылу және басқа инженерлік жүйелердің жұмысын қамтамасыз етуге жауапты.",,,
R031_Q01,en,Why is the classrooms in the dorm so small?,SDU does not publish an official reason for the small size of dormitory classrooms.,content_review,"Неуверенность, предположение или отсутствие подтверждения в исходном ответе.",FAQ0103,31,1,2024-10-17,Dormitory related/По общежитию/Жатақхана бойынша,en,line_order,SDU does not publish an official reason for the small size of dormitory classrooms.,,,
R031_Q02,en,Why are things in the gym old ?,SDU does not publish an official reason for the condition of the gym equipment. SDU does state that a new Sports and Culture Center has been opened with modern fitness facilities.,content_review,"Неуверенность, предположение или отсутствие подтверждения в исходном ответе. Сверить конкретный зал и платность доступа: ответы различаются.",FAQ0104,31,2,2024-10-17,Dormitory related/По общежитию/Жатақхана бойынша,en,line_order,SDU does not publish an official reason for the condition of the gym equipment. SDU does state that a new Sports and Culture Center has been opened with modern fitness facilities.,,,
R031_Q03,en,Why does the warm water keep turning of in the dorm ?,"SDU does not publish a specific reason for repeated hot-water interruptions. Dormitory management provides plumbing/maintenance services, so such issues should be reported to the dormitory reception.",content_review,"Неуверенность, предположение или отсутствие подтверждения в исходном ответе.",FAQ0105,31,3,2024-10-17,Dormitory related/По общежитию/Жатақхана бойынша,en,line_order,"SDU does not publish a specific reason for repeated hot-water interruptions. Dormitory management provides plumbing/maintenance services, so such issues should be reported to the dormitory reception.",,,
R031_Q04,en,"Why in the Univer zone there is a smoking area,but closed the place for prayer.Then is tobacco useful ?????",SDU officially promotes a non-smoking campus but has two designated smoking zones. I could not find an official SDU explanation for why a prayer space was closed. The smoking zones do not mean tobacco is considered beneficial or useful.,content_review,"Неуверенность, предположение или отсутствие подтверждения в исходном ответе.",FAQ0106,31,4,2024-10-17,Dormitory related/По общежитию/Жатақхана бойынша,en,line_order,SDU officially promotes a non-smoking campus but has two designated smoking zones. I could not find an official SDU explanation for why a prayer space was closed. The smoking zones do not mean tobacco is considered beneficial or useful.,,,
R033_Q01,en,Why does qr sometimes work in physical education and sometimes it doesn’t and they give an absence?,"SDU’s official sources do not explain why QR attendance sometimes fails. If a technical failure causes an absence, it should be reported to the responsible teacher/SSC.",needs_review,,FAQ0107,33,1,2024-10-17,University related/По университету/Университет бойынша,en,numbered,"SDU’s official sources do not explain why QR attendance sometimes fails. If a technical failure causes an absence, it should be reported to the responsible teacher/SSC.",,,
R033_Q02,en,Why can’t you transfer to English courses for Beginner even if you have reached the Elementary level but you want to learn English from scratch.,English placement is based on the student’s assessed level; SDU does not state that students can freely choose a lower-level course after reaching Elementary.,needs_review,,FAQ0108,33,2,2024-10-17,University related/По университету/Университет бойынша,en,numbered,English placement is based on the student’s assessed level; SDU does not state that students can freely choose a lower-level course after reaching Elementary.,,,
R033_Q03,en,Why don’t we make the schedule ourselves in the first semester?,"SDU provides course registration for first-year students through the portal, while the university prepares and approves the class schedule.",needs_review,,FAQ0109,33,3,2024-10-17,University related/По университету/Университет бойынша,en,numbered,"SDU provides course registration for first-year students through the portal, while the university prepares and approves the class schedule.",,,
R033_Q04,en,Why at the beginning of opening Do teachers have few credits on their schedules?,SDU’s academic calendar shows that teachers’ workload and course schedules are prepared and updated by the university before the semester; SDU does not publish a specific explanation for why some teachers initially have few credits.,content_review,"Неуверенность, предположение или отсутствие подтверждения в исходном ответе.",FAQ0110,33,4,2024-10-17,University related/По университету/Университет бойынша,en,numbered,SDU’s academic calendar shows that teachers’ workload and course schedules are prepared and updated by the university before the semester; SDU does not publish a specific explanation for why some teachers initially have few credits.,,,
R034_Q01,en,"Why doesn't the internet work in the basement, which is why I couldn't get the attendance for chess?",You need to connect to the university Wi-Fi,needs_review,,FAQ0111,34,1,2024-10-17,University related/По университету/Университет бойынша,en,numbered,You need to connect to the university Wi-Fi,,,
R034_Q02,en,"Why don't books like English and Turkish have a loan period for the entire academic year? It's inconvenient to renew them every month, and I'm usually not at the university on those days",,missing_answer,Нет содержательного ответа на этот вопрос. Сверить срок выдачи по типу книги; ответы различаются.,FAQ0112,34,2,2024-10-17,University related/По университету/Университет бойынша,,numbered,no answer,,,
R034_Q03,en,How to connect to SDU_WiFi?,You need to enter the ID number and the password that were sent at the very beginning.,needs_review,,FAQ0113,34,3,2024-10-17,University related/По университету/Университет бойынша,en,numbered,You need to enter the ID number and the password that were sent at the very beginning.,,,
R034_Q04,en,Why are there very few outlets in some classrooms?,,missing_answer,Нет содержательного ответа на этот вопрос.,FAQ0114,34,4,2024-10-17,University related/По университету/Университет бойынша,,numbered,,,,
R035_Q01,ru,Почему парты в бочке такие неудобные,"При проектировании парт для лекционных залов учитываются рациональное использованию пространства и долговечности, а не индивидуальному пространству и комфорту рабочего места.",needs_review,,FAQ0115,35,1,2024-10-17,University related/По университету/Университет бойынша,ru,single,"При проектировании парт для лекционных залов учитываются рациональное использованию пространства и долговечности, а не индивидуальному пространству и комфорту рабочего места.",,,
R036_Q01,kk,Сабақ кестесін қай жерден қарайды?,"SDU порталдағы жеке кабинетіңіздегі ""Course Schedule"" бөлімінен қарайсыз",needs_review,,FAQ0116,36,1,2024-10-17,University related/По университету/Университет бойынша,kk,numbered,"SDU порталдағы жеке кабинетіңіздегі ""Course Schedule"" бөлімінен қарайсыз",,,
R036_Q02,kk,Қай сабақ қай кабинетте екенін қай жерден қарайды?,"SDU порталдағы жеке кабинетіңіздегі ""Course Schedule"" бөлімінде әр пәннің тұсында аудитория нөмірі (мысалы: C201, G105) көрсетіледі",needs_review,"Проверить актуальность чисел, сроков, стоимости или должностей.",FAQ0117,36,2,2024-10-17,University related/По университету/Университет бойынша,kk,numbered,"SDU порталдағы жеке кабинетіңіздегі ""Course Schedule"" бөлімінде әр пәннің тұсында аудитория нөмірі (мысалы: C201, G105) көрсетіледі",,,
R036_Q03,kk,Ағылшынды жабу үшін IELTS нәтижесі қандай болуы қажет?,Базалық ағылшын пәндерінен босатылу үшін IELTS 6.0 (әр компонент кемінде 5.5) немесе одан жоғары балл қажет. Бірақ бұл міндеттелген ағылшын пәнінен босатпайды. Бәрібір IELTS-та көрсетілген деңгей бойынша ағылшын пәнін оқисыз,needs_review,"Проверить актуальность чисел, сроков, стоимости или должностей. Сверить условия IELTS: в наборе есть разные трактовки освобождения от английского.",FAQ0118,36,3,2024-10-17,University related/По университету/Университет бойынша,kk,numbered,Базалық ағылшын пәндерінен босатылу үшін IELTS 6.0 (әр компонент кемінде 5.5) немесе одан жоғары балл қажет. Бірақ бұл міндеттелген ағылшын пәнінен босатпайды. Бәрібір IELTS-та көрсетілген деңгей бойынша ағылшын пәнін оқисыз,,,
R036_Q04,kk,Баға теңестіру деген не?,Студенттің бұған дейін жинаған академиялық кредиттері мен бағаларын ағымдағы оқу бағдарламасына сәйкестендіру(Колледж немесе NIS),needs_review,"Проверить актуальность чисел, сроков, стоимости или должностей.",FAQ0119,36,4,2024-10-17,University related/По университету/Университет бойынша,kk,numbered,Студенттің бұған дейін жинаған академиялық кредиттері мен бағаларын ағымдағы оқу бағдарламасына сәйкестендіру(Колледж немесе NIS),,,
R037_Q01,kk,Мидка қалай болады,"Midterm оқу семестрінің 7-8 аптасында болады. Форматы әр оқутышыға қарай әртүрлі болуы мүмкін: тест түрінде, жазбаша, жоба немесе ауызша",content_review,"Неуверенность, предположение или отсутствие подтверждения в исходном ответе. Проверить актуальность чисел, сроков, стоимости или должностей.",FAQ0120,37,1,2024-10-17,Dormitory related/По общежитию/Жатақхана бойынша,kk,single,"Midterm оқу семестрінің 7-8 аптасында болады. Форматы әр оқутышыға қарай әртүрлі болуы мүмкін: тест түрінде, жазбаша, жоба немесе ауызша",,,
R038_Q01,en,"Where are barrels C-1, C-2, etc?","The names of the barrels are written near the door. C1 is located at the first floor. The 3rd barrel from the entrance, near the Advisor Desk. C2 is located at the second floor, at the top of C1",needs_review,"Проверить актуальность чисел, сроков, стоимости или должностей.",FAQ0121,38,1,2024-10-17,University related/По университету/Университет бойынша,en,numbered,"The names of the barrels are written near the door. C1 is located at the first floor. The 3rd barrel from the entrance, near the Advisor Desk. C2 is located at the second floor, at the top of C1",,,
R038_Q02,en,What is credit?,"Credit is a measurement used to quantify academic work, class times",needs_review,,FAQ0122,38,2,2024-10-17,University related/По университету/Университет бойынша,en,numbered,"Credit is a measurement used to quantify academic work, class times",,,
R038_Q03,en,What is syllabus?,A syllabus is a course plan for the semester.,needs_review,,FAQ0123,38,3,2024-10-17,University related/По университету/Университет бойынша,en,numbered,Syllabus - plan of a subject for a semester,,,
R038_Q04,en,Are there any table tennis rackets that can be used for free?,"No, you must bring your own table tennis rackets",needs_review,,FAQ0124,38,4,2024-10-17,University related/По университету/Университет бойынша,en,numbered,"No, you must bring your own table tennis rackets",,,
R039_Q01,en,"When I was creating a schedule, the portal was paid and not a grant, so I couldn't create a schedule that was convenient for me.","The system locks portal access based on tuition status, so till grant funding clears through accounting, schedule registration options remain restricted",needs_review,,FAQ0125,39,1,2024-10-18,University related/По университету/Университет бойынша,en,numbered,"The system locks portal access based on tuition status, so till grant funding clears through accounting, schedule registration options remain restricted",,,
R039_Q02,en,"When choosing a specialty, we were not told which subjects we would take.","Curriculum frameworks were being finalized, but course catalogs and academic plans are available directly on the sdu.edu.kz",needs_review,,FAQ0126,39,2,2024-10-18,University related/По университету/Университет бойынша,en,numbered,"Curriculum frameworks were being finalized, but course catalogs and academic plans are available directly on the sdu.edu.kz",,,
R039_Q03,en,Don't know what to do when applying to the university. For example: which room to enter first and what to do.,SDU uses a multi-step registration workflow; visitors should first report to the Admissions Welcome Center in the main atrium for step-by-step routing.,needs_review,,FAQ0127,39,3,2024-10-18,University related/По университету/Университет бойынша,en,numbered,SDU uses a multi-step registration workflow; visitors should first report to the Admissions Welcome Center in the main atrium for step-by-step routing.,,,
R039_Q04,en,The curator had trouble finding the Telegram group.,"Group invitation links are distributed via internal portal notifications; if missing, contact the Dean's Office or Student Support Center directly",needs_review,,FAQ0128,39,4,2024-10-18,University related/По университету/Университет бойынша,en,numbered,"Group invitation links are distributed via internal portal notifications; if missing, contact the Dean's Office or Student Support Center directly",,,
R040_Q01,en,why is the GPA requirement the same for all courses when clearly computer science is way more difficult,"Universities use a uniform minimum GPA requirement across all majors to maintain a single institutional standard for academic good standing, graduation, and baseline capability, rather than trying to measure and adjust for the relative difficulty of each field.",needs_review,,FAQ0129,40,1,2024-10-18,Both,en,numbered,"Universities use a uniform minimum GPA requirement across all majors to maintain a single institutional standard for academic good standing, graduation, and baseline capability, rather than trying to measure and adjust for the relative difficulty of each field.",,,
R040_Q02,en,Does the university really care about inclusivity and international students,"SDU University demonstrates a concrete, institutional commitment to inclusivity and internationalization, backed by dedicated support services, specialized research centers, and global rankings.",needs_review,,FAQ0130,40,2,2024-10-18,Both,en,numbered,"SDU University demonstrates a concrete, institutional commitment to inclusivity and internationalization, backed by dedicated support services, specialized research centers, and global rankings.",,,
R040_Q03,en,why does the dormitory fee have to be calculated and sent in a different invoice,"SDU dormitory fees are billed separately because student residences are managed by an independent legal entity with its own bank account, tax rules, and accounting structure distinct from the university's academic tuition system.",needs_review,"Проверить актуальность чисел, сроков, стоимости или должностей.",FAQ0131,40,3,2024-10-18,Both,en,numbered,"SDU dormitory fees are billed separately because student residences are managed by an independent legal entity with its own bank account, tax rules, and accounting structure distinct from the university's academic tuition system.",,,
R040_Q04,en,for a university that claims to have the most number of international students why do they treat us more like a liability than an asset,,missing_answer,Нет содержательного ответа на этот вопрос.,FAQ0132,40,4,2024-10-18,Both,,numbered,,,,
R041_Q01,ru,Где играют в шахматы в университете?,В H блоке на 0 этаже,needs_review,"Проверить актуальность чисел, сроков, стоимости или должностей.",FAQ0133,41,1,2024-10-18,Both,ru,numbered,В H блоке на 0 этаже,,,
R041_Q02,ru,Где можно нормально пообедать в университете(не вредная еда),В столовой продают комплексные обеды,needs_review,,FAQ0134,41,2,2024-10-18,Both,ru,numbered,В столовой продают комплексные обеды,,,
R041_Q03,ru,Что делать если преподаватель не приходит?,Знаю то что точно нельзя уходить без разрешения учителя,needs_review,,FAQ0135,41,3,2024-10-18,Both,ru,numbered,Знаю то что точно нельзя уходить без разрешения учителя,,,
R041_Q04,ru,Как зайти в телеграмм канал общежития?,Можно спросить в других общих чатах или у других жителей дорма ссылку на группу,needs_review,,FAQ0136,41,4,2024-10-18,Both,ru,numbered,Можно спросить в других общих чатах или у других жителей дорма ссылку на группу,,,
R041_Q05,ru,Для чего нужна SDU ID?,"ID уникально определяет каждого студента. Грубо говоря, ваш личный порядковый номер. Также в ID указывается год поступления и код специальности",needs_review,,FAQ0137,41,5,2024-10-18,Both,ru,numbered,"ID уникально определяет каждого студента. Грубо говоря, ваш личный порядковый номер. Также в ID указывается год поступления и код специальности",,,
R041_Q06,ru,Как получить attendance на Physical Education?,Прийти в будние дни с 8:30 до 15:30 (с 12:20-13:40 обед) со сменной обувью и одеждой и просидеть там 50 минут (в идеале). ( не уверен что полностью правильно),content_review,"Неуверенность, предположение или отсутствие подтверждения в исходном ответе. Проверить актуальность чисел, сроков, стоимости или должностей.",FAQ0138,41,6,2024-10-18,Both,ru,numbered,Прийти в будние дни с 8:30 до 15:30 (с 12:20-13:40 обед) со сменной обувью и одеждой и просидеть там 50 минут (в идеале). ( не уверен что полностью правильно),,,
R041_Q07,ru,Где можно делать ксерокопии?,SDU Copy Centre у входа со стороны G блока,needs_review,,FAQ0139,41,7,2024-10-18,Both,ru,numbered,SDU Copy Centre у входа со стороны G блока,,,
R041_Q08,ru,Где находятся клубы?,Многие клубы находятся в SDU Life,needs_review,,FAQ0140,41,8,2024-10-18,Both,ru,numbered,Многие клубы находятся в SDU Life,,,
R042_Q01,kk,кез келген сұрақтар болса бірінші кімнен сұраимыз,"Академиялық сұрақтар бойынша өзіңіздің Эдвайзеріңізге, ал жалпы немесе ұйымдастырушылық сұрақтар бойынша Студенттерге қызмет көрсету орталығына (SSC) хабарласасыз",needs_review,,FAQ0141,42,1,2024-10-19,Dormitory related/По общежитию/Жатақхана бойынша,kk,numbered,"Академиялық сұрақтар бойынша өзіңіздің Эдвайзеріңізге, ал жалпы немесе ұйымдастырушылық сұрақтар бойынша Студенттерге қызмет көрсету орталығына (SSC) хабарласасыз",,,
R042_Q02,kk,сабақ таңдаған кезде конфирм баса алмаи қалсаң не болады,"Пәндерді таңдағаннан кейін 24 сағатта конфирм басылмаса тіркеу аяқталмай қалады және жүйе сізді ол сабақтарға қабылдамайды. Ондай жағдайда Деканатқа жүгініп, қайта аштыру қажет",needs_review,"Проверить актуальность чисел, сроков, стоимости или должностей.",FAQ0142,42,2,2024-10-19,Dormitory related/По общежитию/Жатақхана бойынша,kk,numbered,"Пәндерді таңдағаннан кейін 24 сағатта конфирм басылмаса тіркеу аяқталмай қалады және жүйе сізді ол сабақтарға қабылдамайды. Ондай жағдайда Деканатқа жүгініп, қайта аштыру қажет",,,
R042_Q03,kk,жатаханаға мультиварка тостер секілді техника алып келуге болады ма,"Жоқ, қауіпсіздік ережелері бойынша бөлмеде электрлік аспаптарды (мультиварка, тостер, шәйнек, үтік) пайдалануға тыйым салынады",needs_review,,FAQ0143,42,3,2024-10-19,Dormitory related/По общежитию/Жатақхана бойынша,kk,numbered,"Жоқ, қауіпсіздік ережелері бойынша бөлмеде электрлік аспаптарды (мультиварка, тостер, шәйнек, үтік) пайдалануға тыйым салынады",,,
R043_Q01,en,Where can I find online information about clubs at SDU?,"You can find the club's page in the ""subscription"" section of the @sdukz Instagram page and get online information about the club.",needs_review,,FAQ0144,43,1,2024-10-19,Both of them,en,numbered,"You can find the club's page in the ""subscription"" section of the @sdukz Instagram page and get online information about the club.",,,
R043_Q02,en,"I know in advance that I will arrive at the dorm 10-15 minutes late, what should I do?",The reception should be notified 30 minutes before closing time or earlier,needs_review,"Проверить актуальность чисел, сроков, стоимости или должностей.",FAQ0145,43,2,2024-10-19,Both of them,en,numbered,The reception should be notified 30 minutes before closing time or earlier,,,
R043_Q03,en,Is it necessary to bring special clothes for Physical Education?,"No, it is enough if you bring only a second pair of shoes (sneakers).",needs_review,,FAQ0146,43,3,2024-10-19,Both of them,en,numbered,"No, it is enough if you bring only a second pair of shoes (sneakers).",,,
R043_Q04,en,What time does the market work in the dorm?,Open at night (21:00-23:00),needs_review,"Проверить актуальность чисел, сроков, стоимости или должностей.",FAQ0147,43,4,2024-10-19,Both of them,en,numbered,Open at night (21:00-23:00),,,
R043_Q05,en,What should I do if I don't stay in the dorm for a few days?,"The person who takes possession of you during that time (over 18 [parents or relatives]) must complete an ""application letter""",needs_review,"Проверить актуальность чисел, сроков, стоимости или должностей.",FAQ0148,43,5,2024-10-19,Both of them,en,numbered,"The person who takes possession of you during that time (over 18 [parents or relatives]) must complete an ""application letter""",,,
R043_Q06,en,Why do so many clubs in SDU hold their meetings at the same time? (18:00 or 18:30) So we should only be in one club? I want to join several clubs. Why don't clubs agree on a time?,It would be good if this problem was solved,content_review,"Пожелание вместо ответа. Проверить актуальность чисел, сроков, стоимости или должностей.",FAQ0149,43,6,2024-10-19,Both of them,en,numbered,It would be good if this problem was solved,,,
R043_Q07,en,"Why is there no choice in the elective course in CS??? Why Kazhymurat advisor's group chooses 40 python and Aiya advisor's group chooses 40 java? Why should there be 20 python, 20 java in a group even if it is properly split? For example, I wanted to choose java, but why does my advisor tell me ""You should study python""?","This is a big problem for students who have chosen the it route, we demand that the dean's office consider this issue and facilitate it!",content_review,"Жалоба вместо ответа. Проверить актуальность чисел, сроков, стоимости или должностей.",FAQ0150,43,7,2024-10-19,Both of them,en,numbered,"This is a big problem for students who have chosen the it route, we demand that the dean's office consider this issue and facilitate it!",,,
R043_Q08,en,"When the registration time opened on 10th August, when I asked the consultant uncle about each route(IS, CS, Software, MMS, BIS, DS) he didn't give full information? Why information is not provided when there is a known problem with SDU? (Very big problem in SDU)","I want the first-year students who will enter SDU in the future not to repeat the mistake that happened in our time, but to strengthen this weakness.",content_review,"Пожелание вместо ответа. Проверить актуальность чисел, сроков, стоимости или должностей.",FAQ0151,43,8,2024-10-19,Both of them,en,numbered,"I want the first-year students who will enter SDU in the future not to repeat the mistake that happened in our time, but to strengthen this weakness.",,,
R044_Q01,kk,Колледжден келгендерге жылдамтылган оку бар ма?,Колледжді соған ұқсас мамандық бойынша бітіргендер үшін қысқартылған (жеделдетілген) оқу бағдарламалары қарастырылған,needs_review,,FAQ0152,44,1,2024-10-19,University related/По университету/Университет бойынша,kk,numbered,Колледжді соған ұқсас мамандық бойынша бітіргендер үшін қысқартылған (жеделдетілген) оқу бағдарламалары қарастырылған,,,
R044_Q02,kk,Отбасы мүшесі түгел емес студенттерге қандай жеңілдіктер бар?,Жетім немесе ата-анасының қамқорлығынсыз қалған студенттерге жатақхана мен оқу ақысына әлеуметтік жеңілдіктер беріледі,needs_review,,FAQ0153,44,2,2024-10-19,University related/По университету/Университет бойынша,kk,numbered,Жетім немесе ата-анасының қамқорлығынсыз қалған студенттерге жатақхана мен оқу ақысына әлеуметтік жеңілдіктер беріледі,,,
R044_Q03,kk,Ақшалай оқудан грантвскийге ауысуға болады ма?,Семестр нәтижесі бойынша GPA балы жоғары студенттер босаған бос мемлекеттік немесе ректорлық гранттарға конкурс арқылы ауыса алады,needs_review,"Проверить актуальность чисел, сроков, стоимости или должностей.",FAQ0154,44,3,2024-10-19,University related/По университету/Университет бойынша,kk,numbered,Семестр нәтижесі бойынша GPA балы жоғары студенттер босаған бос мемлекеттік немесе ректорлық гранттарға конкурс арқылы ауыса алады,,,
R044_Q04,kk,Тек семестрдеги сабактардан баска сабактарды алуға болады ма?,"Тақ семестр кезінде басқа тақ семестрдің, жұп семестр кезінде басқа жұп семестрдегі сабақтарды алуға болады. Яғни 3ші семестрде 5ші семетрдің сабағын алуға болады",needs_review,"Проверить актуальность чисел, сроков, стоимости или должностей.",FAQ0155,44,4,2024-10-19,University related/По университету/Университет бойынша,kk,numbered,"Тақ семестр кезінде басқа тақ семестрдің, жұп семестр кезінде басқа жұп семестрдегі сабақтарды алуға болады. Яғни 3ші семестрде 5ші семетрдің сабағын алуға болады",,,
R044_Q05,kk,Расписанияны өз қалауымыз бойынша құрай аламызба?,SDU порталында сабақтар мен оқытушыларды таңдау арқылы кестені өзіңізге ыңғайлап құрастыруға болады,needs_review,,FAQ0156,44,5,2024-10-19,University related/По университету/Университет бойынша,kk,numbered,SDU порталында сабақтар мен оқытушыларды таңдау арқылы кестені өзіңізге ыңғайлап құрастыруға болады,,,
R045_Q01,en,"Is it possible to come to the chess section(Physical Education), if you are registered for something else?","No, only for people who registered for chess section",needs_review,,FAQ0157,45,1,2024-10-20,University related/По университету/Университет бойынша,en,numbered,"No, only for people who registered for chess section",,,
R045_Q02,en,is there a canteen in SDU LIFE?,"Yes , in 2nd floor",needs_review,"Проверить актуальность чисел, сроков, стоимости или должностей.",FAQ0158,45,2,2024-10-20,University related/По университету/Университет бойынша,en,numbered,"Yes , in 2nd floor",,,
R045_Q03,en,Is it possible to finish my studies early?,"Yes, if you will get more credits per semester",needs_review,,FAQ0159,45,3,2024-10-20,University related/По университету/Университет бойынша,en,numbered,"Yes, if you will get more credits per semester",,,
R045_Q04,en,Are canteens in SDU open on weekends?,Canteens are open on all days of the week except Sunday,needs_review,,FAQ0160,45,4,2024-10-20,University related/По университету/Университет бойынша,en,numbered,Canteens are open on all days of the week except Sunday,,,
R046_Q01,kk,Dorm pass жоғалтқан жағдайда қай жерден аламыз?,Жатақхана әкімшілігіне (Dormitory Administration / Ресепшн) хабарласып өтініш бересіз,needs_review,,FAQ0161,46,1,2024-10-21,Dormitory related/По общежитию/Жатақхана бойынша,kk,numbered,Жатақхана әкімшілігіне (Dormitory Administration / Ресепшн) хабарласып өтініш бересіз,,,
R046_Q02,kk,2 семестрда бөлме ауыстыруға боладыма?,"Иә, бос орындар болса, жатақханадағы ассистентке айту арқылы ауысуға болады",needs_review,"Проверить актуальность чисел, сроков, стоимости или должностей.",FAQ0162,46,2,2024-10-21,Dormitory related/По общежитию/Жатақхана бойынша,kk,numbered,"Иә, бос орындар болса, жатақханадағы ассистентке айту арқылы ауысуға болады",,,
R046_Q03,kk,28 қазаннан бастап SDU-ға тек id card арқылы кіргізеді. Оның орнына dorm pass қолданса боладыма?,Негізі dorm pass тек жатақханаға ғана арналған. Сол себепті кпп-да күзетшілер кіргізбеуі мүмкін,needs_review,"Проверить актуальность чисел, сроков, стоимости или должностей.",FAQ0163,46,3,2024-10-21,Dormitory related/По общежитию/Жатақхана бойынша,kk,numbered,Негізі dorm pass тек жатақханаға ғана арналған. Сол себепті кпп-да күзетшілер кіргізбеуі мүмкін,,,
R046_Q04,kk,Маркет қаншада ашылады?,Жатақханадағы маркет шамамен 09:00-де ашылады,needs_review,"Проверить актуальность чисел, сроков, стоимости или должностей.",FAQ0164,46,4,2024-10-21,Dormitory related/По общежитию/Жатақхана бойынша,kk,numbered,Жатақханадағы маркет шамамен 09:00-де ашылады,,,
R047_Q01,ru,Почему мест в кантине мало?,"Университету, возможно, требуется расширить столовую. Поток студентов растет быстрее, чем площади столовой, а пик посещаемости приходится на одно и то же время между парами",content_review,"Неуверенность, предположение или отсутствие подтверждения в исходном ответе.",FAQ0165,47,1,2024-10-21,University related/По университету/Университет бойынша,ru,numbered,"Университету, возможно, требуется расширить столовую. Поток студентов растет быстрее, чем площади столовой, а пик посещаемости приходится на одно и то же время между парами",,,
R047_Q02,ru,"Почему нет свободного пространства,а также кабинетов пустых для подготовки к урокам?","Все аудитории максимально загружены академическим расписанием, а зоны отдыха задействованы под растущее число студентов. Для тихой подготовки используйте читальные залы библиотеки",needs_review,,FAQ0166,47,2,2024-10-21,University related/По университету/Университет бойынша,ru,numbered,"Все аудитории максимально загружены академическим расписанием, а зоны отдыха задействованы под растущее число студентов. Для тихой подготовки используйте читальные залы библиотеки",,,
R047_Q03,ru,"Почему не поменяют портал(в плане кодинга),если сервер падает при любом случае?","Полный перепис портала стоит дорого, поэтому университет ограничивается точечными обновлениями вместо полной смены системы",needs_review,"Проверить актуальность чисел, сроков, стоимости или должностей.",FAQ0167,47,3,2024-10-21,University related/По университету/Университет бойынша,ru,numbered,"Полный перепис портала стоит дорого, поэтому университет ограничивается точечными обновлениями вместо полной смены системы",,,
R047_Q04,ru,Где можно поесть маклюбе и собраться с одногруппниками?,Можете заказать в Ac Catering,needs_review,,FAQ0168,47,4,2024-10-21,University related/По университету/Университет бойынша,ru,numbered,Можете заказать в Ac Catering,,,
R048_Q01,en,Who to go to if they broke an item at the University?,Report about that to Helpdesk,needs_review,,FAQ0169,48,1,2024-10-21,University related/По университету/Университет бойынша,en,numbered,Report about that to Helpdesk,,,
R048_Q02,en,Who should I ask for permission to organize certain events?,,missing_answer,Нет содержательного ответа на этот вопрос.,FAQ0170,48,2,2024-10-21,University related/По университету/Университет бойынша,,numbered,,,,
R048_Q03,en,"Don't you have special funds for student meals? If so, how do we use it?","SDU does not have a general direct meal fund for all students. However, targeted social assistance or discounts for vulnerable categories are processed through the Student Service Center (SSC) upon submitting documentation",needs_review,,FAQ0171,48,3,2024-10-21,University related/По университету/Университет бойынша,en,numbered,"SDU does not have a general direct meal fund for all students. However, targeted social assistance or discounts for vulnerable categories are processed through the Student Service Center (SSC) upon submitting documentation",,,
R048_Q04,en,Who do we ask if we do not know the internal laws of the University?,You can clarify internal laws at the Student Service Center (SSC) or through your Faculty Advisor / Dean's Office,needs_review,,FAQ0172,48,4,2024-10-21,University related/По университету/Университет бойынша,en,numbered,You can clarify internal laws at the Student Service Center (SSC) or through your Faculty Advisor / Dean's Office,,,
R048_Q05,en,Can students study by entering empty classrooms without permission?,"No, classrooms are strictly scheduled for lectures and official campus events. For independent study, use designated public zones like the Library reading halls",needs_review,,FAQ0173,48,5,2024-10-21,University related/По университету/Университет бойынша,en,numbered,"No, classrooms are strictly scheduled for lectures and official campus events. For independent study, use designated public zones like the Library reading halls",,,
R048_Q06,en,Does the Adviser change often?,"Generally no, an advisor is assigned for the duration of your degree program, though changes can occur due to departmental staffing adjustments or academic restructuring",needs_review,,FAQ0174,48,6,2024-10-21,University related/По университету/Университет бойынша,en,numbered,"Generally no, an advisor is assigned for the duration of your degree program, though changes can occur due to departmental staffing adjustments or academic restructuring",,,
R049_Q01,ru,"Куда надо написать,чтобы зарегистрироваться и выбрать комнату в Дорме",Есть телеграм бот для этого,needs_review,,FAQ0175,49,1,2024-10-21,Dormitory related/По общежитию/Жатақхана бойынша,ru,numbered,Есть телеграм бот для этого,,,
R049_Q02,ru,Какие специальности будут со мной в комнате,Обычно в одной комнате располагают студентов одного факультета,needs_review,,FAQ0176,49,2,2024-10-21,Dormitory related/По общежитию/Жатақхана бойынша,ru,numbered,Обычно в одной комнате располагают студентов одного факультета,,,
R049_Q03,ru,Кто такой Аби и что он делает в Дорме,Аби ваш старший ассистент который будет следить за вами и помогать вам во время проживания в дорме,needs_review,,FAQ0177,49,3,2024-10-21,Dormitory related/По общежитию/Жатақхана бойынша,ru,numbered,Аби ваш старший ассистент который будет следить за вами и помогать вам во время проживания в дорме,,,
R049_Q04,ru,"Что надо делать,если в выходные не будешь ночевать в Дорме и едешь домой",Вашему родителю надо будеть написать заявление ресепшену про ваше отсутствие,needs_review,,FAQ0178,49,4,2024-10-21,Dormitory related/По общежитию/Жатақхана бойынша,ru,numbered,Вашему родителю надо будеть написать заявление ресепшену про ваше отсутствие,,,
R049_Q05,ru,До скольки можно играть в настольный теннис и бильярд,До 22:00,needs_review,"Проверить актуальность чисел, сроков, стоимости или должностей. Краткий ответ: использовать вместе с вопросом.",FAQ0179,49,5,2024-10-21,Dormitory related/По общежитию/Жатақхана бойынша,ru,numbered,До 22:00,,,
R049_Q06,ru,Что такое тараф,Коридор в этаже. В каждом этаже по 4 тарафа,needs_review,"Проверить актуальность чисел, сроков, стоимости или должностей.",FAQ0180,49,6,2024-10-21,Dormitory related/По общежитию/Жатақхана бойынша,ru,numbered,Коридор в этаже. В каждом этаже по 4 тарафа,,,
R050_Q01,kk,Стипендияны қандай банк арқылы аламыз?,BCC,needs_review,Краткий ответ: использовать вместе с вопросом.,FAQ0181,50,1,2024-10-21,Both,en,numbered,BCC,,,
R050_Q02,kk,Универде қанша этаж бар?,4 этаж,needs_review,"Проверить актуальность чисел, сроков, стоимости или должностей. Краткий ответ: использовать вместе с вопросом.",FAQ0182,50,2,2024-10-21,Both,ru,numbered,4 этаж,,,
R050_Q03,kk,Жатақхана тек ұлдарға арналған ба?,Жатақхана ұлдарға да қыздарға да. Бірақ ұлдар мен қыздар бөлек корпустарда тұрады,needs_review,,FAQ0183,50,3,2024-10-21,Both,kk,numbered,Жатақхана ұлдарға да қыздарға да. Бірақ ұлдар мен қыздар бөлек корпустарда тұрады,,,
R050_Q04,kk,"А1, В1 бочка қайда?","А1 бочкасы 1-ші қабатта, кіреберістен санағанда бірінші бочка. В1 бочкасы дәл А1 бочкасынан кейін орналасқан",needs_review,"Проверить актуальность чисел, сроков, стоимости или должностей.",FAQ0184,50,4,2024-10-21,Both,kk,numbered,"А1 бочкасы 1-ші қабатта, кіреберістен санағанда бірінші бочка. В1 бочкасы дәл А1 бочкасынан кейін орналасқан",,,
R050_Q05,kk,Универде тренажерный зал бар ма?,SDU Life-та ақылы тренажерный зал бар,needs_review,Сверить конкретный зал и платность доступа: ответы различаются.,FAQ0185,50,5,2024-10-21,Both,kk,numbered,SDU Life-та ақылы тренажерный зал бар,,,
R050_Q06,kk,Бочка деген не?,Бочка - лекция залдары,needs_review,,FAQ0186,50,6,2024-10-21,Both,ru,numbered,Бочка - лекция залдары,,,
R050_Q07,kk,"Midterm, Final деген не?",Midtearm - семестрдің 7-8 апталарында болатын аралық бақылау емтиханы. Final - семестр біткенен кейін болатын қорытынды емтихан,needs_review,"Проверить актуальность чисел, сроков, стоимости или должностей.",FAQ0187,50,7,2024-10-21,Both,kk,numbered,Midtearm - семестрдің 7-8 апталарында болатын аралық бақылау емтиханы. Final - семестр біткенен кейін болатын қорытынды емтихан,,,
R050_Q08,kk,Жатақханада кантин сағат нешеде ашылады?,Жатақханада кантин жоқ. Таңғы ас пен кешкі ас университет асханасында беріледі.,needs_review,,FAQ0188,50,8,2024-10-21,Both,kk,numbered,Жатақханада кантин жоқ. Таңғы ас пен кешкі ас университет асханасында беріледі.,,,
R050_Q09,kk,Жатақхананың 1 семестрге бағасы қанша?,2026 жылғы бағасы 569500 тг,needs_review,"Проверить актуальность чисел, сроков, стоимости или должностей.",FAQ0189,50,9,2024-10-21,Both,kk,numbered,2026 жылғы бағасы 569500 тг,,,
R051_Q01,kk,Жатаханда қандай бөлмелер бар?,"Жатақханада стандартты 4 орындық және 2 орындық (көбінесе аби/аблалардың бөлмесі) тұрғын бөлмелері, сонымен қатар оқу залы (Study room), асхана, үтік бөлмесі, демалыс бөлмелері және кір жуатын бөлмелер бар",needs_review,"Проверить актуальность чисел, сроков, стоимости или должностей.",FAQ0190,51,1,2024-10-21,Dormitory related/По общежитию/Жатақхана бойынша,kk,numbered,"Жатақханада стандартты 4 орындық және 2 орындық (көбінесе аби/аблалардың бөлмесі) тұрғын бөлмелері, сонымен қатар оқу залы (Study room), асхана, үтік бөлмесі, демалыс бөлмелері және кір жуатын бөлмелер бар",,,
R051_Q02,kk,Қай бөлмелер Абилердікі ?,Абилердің(аблалардың) бөлмелері әдетте қабатты орталық өтпелі аймағында орналасқан,needs_review,,FAQ0191,51,2,2024-10-21,Dormitory related/По общежитию/Жатақхана бойынша,kk,numbered,Абилердің(аблалардың) бөлмелері әдетте қабатты орталық өтпелі аймағында орналасқан,,,
R051_Q03,kk,1-5 бөлмелерге қарама қарсы қандай бөлмелер орналасқан,Стади рум орналасқан,needs_review,"Проверить актуальность чисел, сроков, стоимости или должностей.",FAQ0192,51,3,2024-10-21,Dormitory related/По общежитию/Жатақхана бойынша,kk,numbered,Стади рум орналасқан,,,
R051_Q04,kk,12-16 бөлмелерге қарама қарсы қандай бөлмелер орналасқан,Стади рум және үтік бөлмесі орналасқан,needs_review,"Проверить актуальность чисел, сроков, стоимости или должностей.",FAQ0193,51,4,2024-10-21,Dormitory related/По общежитию/Жатақхана бойынша,kk,numbered,Стади рум және үтік бөлмесі орналасқан,,,
R051_Q05,kk,22-26 Бөлмелерге қандай бөлмелер қармаа қарсы орналасқан,Демалыс бөлмесі,needs_review,"Проверить актуальность чисел, сроков, стоимости или должностей. Краткий ответ: использовать вместе с вопросом.",FAQ0194,51,5,2024-10-21,Dormitory related/По общежитию/Жатақхана бойынша,kk,numbered,Демалыс бөлмесі,,,
R051_Q06,kk,34-38 бөлмелерге қарама қарсы қандай бөлмелер орналасқан?,Асхана және демалыс бөлмесі,needs_review,"Проверить актуальность чисел, сроков, стоимости или должностей.",FAQ0195,51,6,2024-10-21,Dormitory related/По общежитию/Жатақхана бойынша,kk,numbered,Асхана және демалыс бөлмесі,,,
R052_Q01,kk,Максималды түрде неше клубқа кіруге болады,Санына шектеу жоқ. Бірақ сабаққа кедергі келтірмес үшін 1–2 клубты таңдаған тиімдірек,needs_review,"Проверить актуальность чисел, сроков, стоимости или должностей.",FAQ0196,52,1,2024-10-21,Сдудағы ең өзекті және өз басымнан өткен сұрақтар ,kk,numbered,Санына шектеу жоқ. Бірақ сабаққа кедергі келтірмес үшін 1–2 клубты таңдаған тиімдірек,,,
R052_Q02,kk,Сду ға құжат тапсыру үшін ата анамен келу керек пе егер келе алмасам не істесем болады,Егер 18-ге толған болсаңыз өзіңіз келсеңіз болады. 18-ге толмаған жағдайда ата-анаңызбен немесе ата-анаңыздың атынан доверенность қажет,needs_review,"Проверить актуальность чисел, сроков, стоимости или должностей.",FAQ0197,52,2,2024-10-21,Сдудағы ең өзекті және өз басымнан өткен сұрақтар ,kk,numbered,Егер 18-ге толған болсаңыз өзіңіз келсеңіз болады. 18-ге толмаған жағдайда ата-анаңызбен немесе ата-анаңыздың атынан доверенность қажет,,,
R052_Q03,kk,webex дегеніміз не,"Webex - онлайн лекция, вебинарлар және кездесулер өткізуге арналған бейнеконференция платформасы(зум сияқты)",needs_review,,FAQ0198,52,3,2024-10-21,Сдудағы ең өзекті және өз басымнан өткен сұрақтар ,kk,numbered,"Webex - онлайн лекция, вебинарлар және кездесулер өткізуге арналған бейнеконференция платформасы(зум сияқты)",,,
R052_Q04,kk,кітапханадан алынған кітаптарды қанша уақытта қайтару керек,Оқулықтар әдетте 1 семестрге беріледі. Ал көркем әдебиет немесе қосымша кітаптар 2 аптадан 1 айға дейінгі мерзімге беріледі,needs_review,"Проверить актуальность чисел, сроков, стоимости или должностей. Сверить срок выдачи по типу книги; ответы различаются.",FAQ0199,52,4,2024-10-21,Сдудағы ең өзекті және өз басымнан өткен сұрақтар ,kk,numbered,Оқулықтар әдетте 1 семестрге беріледі. Ал көркем әдебиет немесе қосымша кітаптар 2 аптадан 1 айға дейінгі мерзімге беріледі,,,
R052_Q05,kk,академиялық күнтізбеге толық сенуге болады ма . Ол жасалғаннан соң өзгермеиді ме,Форс-мажор немесе мереке күндеріне байланысты сирек де болса кішігірім өзгерістер енгізілуі мүмкін,needs_review,,FAQ0200,52,5,2024-10-21,Сдудағы ең өзекті және өз басымнан өткен сұрақтар ,kk,numbered,Форс-мажор немесе мереке күндеріне байланысты сирек де болса кішігірім өзгерістер енгізілуі мүмкін,,,
R053_Q01,kk,"Затымды универ аймағында жоғалтып алсам, қайда жүгінсем болады?",Күзетшілерге немесе Lost & Found телеграм группасына жүгінсеңіз болады,needs_review,,FAQ0201,53,1,2024-10-21,University related/По университету/Университет бойынша,kk,numbered,Күзетшілерге немесе Lost & Found телеграм группасына жүгінсеңіз болады,,,
R053_Q02,kk,H01 кабинеті қай жерде?,H блоктың түб жағында баспалдақтар бар. Сол жерден цокольдік қабатқа түсесіз,needs_review,"Проверить актуальность чисел, сроков, стоимости или должностей.",FAQ0202,53,2,2024-10-21,University related/По университету/Университет бойынша,kk,numbered,H блоктың түб жағында баспалдақтар бар. Сол жерден цокольдік қабатқа түсесіз,,,
R053_Q03,kk,Подвалдағы кабинетке қай блоктан түседі?,Әр блоктың түб жағында баспалдақтар арқылы,needs_review,,FAQ0203,53,3,2024-10-21,University related/По университету/Университет бойынша,kk,numbered,Әр блоктың түб жағында баспалдақтар арқылы,,,
R053_Q04,kk,Эдвайзермен чатты қалай тапсам болады?,"SDU порталының жоғарғы жағында өзіңіз туралы ақпараттар ішінде сіздің эдвайзеріңіз тұрады. Эдвайзердің атын теріп, email арқылы байланысқа шыға аласыз",needs_review,,FAQ0204,53,4,2024-10-21,University related/По университету/Университет бойынша,kk,numbered,"SDU порталының жоғарғы жағында өзіңіз туралы ақпараттар ішінде сіздің эдвайзеріңіз тұрады. Эдвайзердің атын теріп, email арқылы байланысқа шыға аласыз",,,
R053_Q05,kk,Каникулдар уақытын қай жерден қарайды?,SDU порталдағы Academic Calendar (Академиялық күнтізбе) бөлімінен қарайсыз,needs_review,,FAQ0205,53,5,2024-10-21,University related/По университету/Университет бойынша,kk,numbered,SDU порталдағы Academic Calendar (Академиялық күнтізбе) бөлімінен қарайсыз,,,
R053_Q06,kk,Withdrawal деген не?,Withdrawal (W) - семестр ортасында белгілі бір пәннен өз еркіңізбен бас тарту/шығып кету процедурасы. GPA-ге әсер етпейді,needs_review,,FAQ0206,53,6,2024-10-21,University related/По университету/Университет бойынша,kk,numbered,Withdrawal (W) - семестр ортасында белгілі бір пәннен өз еркіңізбен бас тарту/шығып кету процедурасы. GPA-ге әсер етпейді,,,
R054_Q01,en,Where is Dean's office of faculty Engineering?,Located at 2nd floor of F block,needs_review,"Проверить актуальность чисел, сроков, стоимости или должностей.",FAQ0207,54,1,2024-10-21,University related/По университету/Университет бойынша,en,numbered,Located at 2nd floor of F block,,,
R054_Q02,en,What to do I forgot my password to the university's website?,"Click ""Forgot Password?"" on the login page (my.sdu.edu.kz) to reset via recovery email, or visit the Helpdesk (1st floor) for manual reset",needs_review,"Проверить актуальность чисел, сроков, стоимости или должностей.",FAQ0208,54,2,2024-10-21,University related/По университету/Университет бойынша,en,numbered,"Click ""Forgot Password?"" on the login page (my.sdu.edu.kz) to reset via recovery email, or visit the Helpdesk (1st floor) for manual reset",,,
R054_Q03,en,Where can I find the syllabus of my courses?,Available on your SDU Portal under each registered course or provided directly by the lecturer,needs_review,,FAQ0209,54,3,2024-10-21,University related/По университету/Университет бойынша,en,numbered,Available on your SDU Portal under each registered course or provided directly by the lecturer,,,
R054_Q04,en,Where is the blue hall located?,Located at 3rd floor of SDU Life,needs_review,"Проверить актуальность чисел, сроков, стоимости или должностей.",FAQ0210,54,4,2024-10-21,University related/По университету/Университет бойынша,en,numbered,Located at 3rd floor of SDU Life,,,
R054_Q05,en,How much does 1 ECTS cost?,"The price varies by major and cohort year. You can check the price at SDU portal in ""My accouting info""",needs_review,"Проверить актуальность чисел, сроков, стоимости или должностей.",FAQ0211,54,5,2024-10-21,University related/По университету/Университет бойынша,en,numbered,"The price varies by major and cohort year. You can check the price at SDU portal in ""My accouting info""",,,
R054_Q06,en,What is a GPA?,Grade Point Average(GPA) - the numerical average of all your course grades ( 0.0 to 4.0) used to measure overall academic performance,needs_review,"Проверить актуальность чисел, сроков, стоимости или должностей.",FAQ0212,54,6,2024-10-21,University related/По университету/Университет бойынша,en,numbered,Grade Point Average(GPA) - the numerical average of all your course grades ( 0.0 to 4.0) used to measure overall academic performance,,,
R055_Q01,en,"Can you learn languages other than English , Turkish in SDU?","SDU offers elective courses in languages such as Kazakh, Russian, German, Chinese, French, and Korean through the Faculty of Education and Humanities",needs_review,,FAQ0213,55,1,2024-10-21,University related/По университету/Университет бойынша,en,numbered,"SDU offers elective courses in languages such as Kazakh, Russian, German, Chinese, French, and Korean through the Faculty of Education and Humanities",,,
R055_Q02,en,"When you first come to the university, is there a presentation of the University, for example, an office, showing blocks?","SDU holds an annual Orientation Week for first-year students that includes campus tours, department presentations, block navigation guides, and introduction sessions. You can check the data and time at SDU instagram account",needs_review,,FAQ0214,55,2,2024-10-21,University related/По университету/Университет бойынша,en,numbered,"SDU holds an annual Orientation Week for first-year students that includes campus tours, department presentations, block navigation guides, and introduction sessions. You can check the data and time at SDU instagram account",,,
R055_Q03,en,Why is there only one study room in the dormitory?,Today at every floor there are 2 study rooms,needs_review,"Проверить актуальность чисел, сроков, стоимости или должностей.",FAQ0215,55,3,2024-10-21,University related/По университету/Университет бойынша,en,numbered,Today at every floor there are 2 study rooms,,,
R055_Q04,en,Why is laundry paid?,"To cover operational costs, machine maintenance, water/electricity usage",needs_review,"Проверить актуальность чисел, сроков, стоимости или должностей.",FAQ0216,55,4,2024-10-21,University related/По университету/Университет бойынша,en,numbered,"To cover operational costs, machine maintenance, water/electricity usage",,,
R055_Q05,en,Where can I see the percentage of absent in each subject?,"You can check it at your SDU portal in ""Electronic Attendance"" section",needs_review,,FAQ0217,55,5,2024-10-21,University related/По университету/Университет бойынша,en,numbered,"You can check it at your SDU portal in ""Electronic Attendance"" section",,,
R055_Q06,en,"Why doesn't the exams of all subjects be unified? For example, if we pass 6 quiz in one subject, we close only one midterm in one subject","Grading policies, assessment types, and evaluation frequency are set independently by each faculty department based on specific course learning objectives and syllabus design",needs_review,"Проверить актуальность чисел, сроков, стоимости или должностей.",FAQ0218,55,6,2024-10-21,University related/По университету/Университет бойынша,en,numbered,"Grading policies, assessment types, and evaluation frequency are set independently by each faculty department based on specific course learning objectives and syllabus design",,,
R056_Q01,kk,Кешки ас кай уакыт аралыгы?,6 дан бастап 8 ге дейн,needs_review,"Проверить актуальность чисел, сроков, стоимости или должностей.",FAQ0219,56,1,2024-10-21,University related/По университету/Университет бойынша,ru,numbered,6 дан бастап 8 ге дейн,,,
R056_Q02,kk,Справканы каллай алады?,Медпункт тан почтага салу,content_review,"Не уточнено, какая справка нужна; ответ про медпункт.",FAQ0220,56,2,2024-10-21,University related/По университету/Университет бойынша,ru,numbered,Медпункт тан почтага салу,,,
R056_Q03,kk,Дормда канша блок бар?,"4 блок: A, B, C, D",needs_review,"Проверить актуальность чисел, сроков, стоимости или должностей.",FAQ0221,56,3,2024-10-21,University related/По университету/Университет бойынша,ru,numbered,"4 блок: A, B, C, D",,,
R056_Q04,kk,Бш деканаты кай кабинет?,H block,needs_review,Краткий ответ: использовать вместе с вопросом.,FAQ0222,56,4,2024-10-21,University related/По университету/Университет бойынша,en,numbered,H block,,,
R056_Q05,kk,дш га кешке баруга болама?,"жоқ, ең кеші тек 16:30-да бара аласыз",needs_review,"Проверить актуальность чисел, сроков, стоимости или должностей.",FAQ0223,56,5,2024-10-21,University related/По университету/Университет бойынша,kk,numbered,"жоқ, ең кеші тек 16:30-да бара аласыз",,,
R056_Q06,kk,туалетке салфетка кояма?,жоқ,needs_review,Краткий ответ: использовать вместе с вопросом.,FAQ0224,56,6,2024-10-21,University related/По университету/Университет бойынша,kk,numbered,жоқ,,,
R057_Q01,en,What is the process for accessing online learning platforms like Moodle or Blackboard?,Log in to Moodle (moodle.sdu.edu.kz) using your official SDU student email account and portal password assigned during registration,needs_review,,FAQ0225,57,1,2024-10-21,University related/По университету/Университет бойынша,en,numbered,Log in to Moodle (moodle.sdu.edu.kz) using your official SDU student email account and portal password assigned during registration,,,
R057_Q02,en,"Where can I get a student ID, and how long does it take to receive it?",SDU ID usually given by advisor or you can ask it from SSC,needs_review,,FAQ0226,57,2,2024-10-21,University related/По университету/Университет бойынша,en,numbered,SDU ID usually given by advisor or you can ask it from SSC,,,
R057_Q03,en,How can I access the university library’s digital resources or e-books?,Access digital resources through the SDU Library Portal (library.sdu.edu.kz) by logging in with your student credentials to view e-books and online databases,needs_review,,FAQ0227,57,3,2024-10-21,University related/По университету/Университет бойынша,en,numbered,Access digital resources through the SDU Library Portal (library.sdu.edu.kz) by logging in with your student credentials to view e-books and online databases,,,
R057_Q04,en,What should I do if I need academic accommodations due to a disability?,Submit medical documentation to the Student Support Center / Social Affairs Office to request an individualized academic accommodation plan,needs_review,,FAQ0228,57,4,2024-10-21,University related/По университету/Университет бойынша,en,numbered,Submit medical documentation to the Student Support Center / Social Affairs Office to request an individualized academic accommodation plan,,,
R057_Q05,en,How can I contact the IT department for help with technical issues?,"Contact the IT Helpdesk by submitting a ticket at helpdesk.sdu.edu.kz, emailing support@sdu.edu.kz, or visiting their office on the 1st floor",needs_review,"Проверить актуальность чисел, сроков, стоимости или должностей.",FAQ0229,57,5,2024-10-21,University related/По университету/Университет бойынша,en,numbered,"Contact the IT Helpdesk by submitting a ticket at helpdesk.sdu.edu.kz, emailing support@sdu.edu.kz, or visiting their office on the 1st floor",,,
R057_Q06,en,Are there any orientation events for international students?,"SDU hosts specialized International Student Orientation sessions covering residency registration, visa compliance, campus life, and local cultural integration",needs_review,,FAQ0230,57,6,2024-10-21,University related/По университету/Университет бойынша,en,numbered,"SDU hosts specialized International Student Orientation sessions covering residency registration, visa compliance, campus life, and local cultural integration",,,
R058_Q01,kk,дшға бір апта ішінде бармай келесі апта 2 сағат қатысса боладыма,"Жоқ, бір аптада тек бір апта есептеледі. Өткен апталар есепке алынбайды",needs_review,"Проверить актуальность чисел, сроков, стоимости или должностей.",FAQ0231,58,1,2024-10-21,University related/По университету/Университет бойынша,kk,numbered,"Жоқ, бір аптада тек бір апта есептеледі. Өткен апталар есепке алынбайды",,,
R058_Q02,kk,расписание жасағанда confirm басылмаса кабинеттерді қалай табады,"Кабинеттер тек конфирм басқаннан кейні көрсетіледі. Егер әлі конфирм баспасаңыз, кабинеттерді группаластарыңыздан немесе ортақ чаттардан сұрау керек болады",needs_review,,FAQ0232,58,2,2024-10-21,University related/По университету/Университет бойынша,kk,numbered,"Кабинеттер тек конфирм басқаннан кейні көрсетіледі. Егер әлі конфирм баспасаңыз, кабинеттерді группаластарыңыздан немесе ортақ чаттардан сұрау керек болады",,,
R058_Q03,kk,absence 30 пайыздан асса не болады,Absence 30%-дан асса сабақ ретейкке кетеді,needs_review,"Проверить актуальность чисел, сроков, стоимости или должностей.",FAQ0233,58,3,2024-10-21,University related/По университету/Университет бойынша,kk,numbered,Absence 30%-дан асса сабақ ретейкке кетеді,,,
R058_Q04,kk,шаңырақ қай жерде,"Шаңырақ Е блоктың 3-ші қабаттында, бочка үстінде орналасқан",needs_review,"Проверить актуальность чисел, сроков, стоимости или должностей.",FAQ0234,58,4,2024-10-21,University related/По университету/Университет бойынша,kk,numbered,"Шаңырақ Е блоктың 3-ші қабаттында, бочка үстінде орналасқан",,,
R058_Q05,kk,дшға фитнес тандаса шахматқа баруға боладыма,Болмайды,needs_review,Краткий ответ: использовать вместе с вопросом.,FAQ0235,58,5,2024-10-21,University related/По университету/Университет бойынша,ru,numbered,Болмайды,,,
R058_Q06,kk,pre final қалай есептеледі,"Pre-final бағасы әр оқутышының силлабусына байланысты әртүрлі. Әдетте quiz, midterm, assignment баллдарының қосындысы",needs_review,"Проверить актуальность чисел, сроков, стоимости или должностей.",FAQ0236,58,6,2024-10-21,University related/По университету/Университет бойынша,kk,numbered,"Pre-final бағасы әр оқутышының силлабусына байланысты әртүрлі. Әдетте quiz, midterm, assignment баллдарының қосындысы",,,
R058_Q07,kk,библиотекада неше этаж бар,"3 этаж: -1, 1, 2",needs_review,"Проверить актуальность чисел, сроков, стоимости или должностей.",FAQ0237,58,7,2024-10-21,University related/По университету/Университет бойынша,ru,numbered,"3 этаж: -1, 1, 2",,,
R058_Q08,kk,Н111 кай жакта,H блоктың оң жағында орналасқан,needs_review,"Проверить актуальность чисел, сроков, стоимости или должностей.",FAQ0238,58,8,2024-10-21,University related/По университету/Университет бойынша,kk,numbered,H блоктың оң жағында орналасқан,,,
R058_Q09,kk,терминалдар кай жерде орналаскан,SDU Store мен D блоктың ортасында орналасқан,needs_review,,FAQ0239,58,9,2024-10-21,University related/По университету/Университет бойынша,kk,numbered,SDU Store мен D блоктың ортасында орналасқан,,,
R059_Q01,ru,Где найти намазхану?,Находится на цокольном этаже,needs_review,,FAQ0240,59,1,2024-10-21,Разные ,ru,numbered,Находится на цокольном этаже,,,
R059_Q02,ru,Что делать если потеряли что то в университете?,Обратитесь охране у главного входа либо же телеграмм группе Lost and Found,needs_review,,FAQ0241,59,2,2024-10-21,Разные ,ru,numbered,Обратитесь охране у главного входа либо же телеграмм группе Lost and Found,,,
R059_Q03,ru,Где найти самое тихое и уютное место чтоб готовится к парам?,Можно пойти в -1 этаж библиотеки,needs_review,"Проверить актуальность чисел, сроков, стоимости или должностей.",FAQ0242,59,3,2024-10-21,Разные ,ru,numbered,Можно пойти в -1 этаж библиотеки,,,
R059_Q04,ru,"Что делать если ты присутствовал на парах,но у тебя в электронном аттенденсе стоит апсенд?",Сказать либо же написать по почте учителю про эту проблему,needs_review,"Проверить актуальность чисел, сроков, стоимости или должностей.",FAQ0243,59,4,2024-10-21,Разные ,ru,numbered,Сказать либо же написать по почте учителю про эту проблему,,,
R059_Q05,ru,Нужно ли советоваться со старшими курсами когда выбираешь учителя или делаешь себе расписание?,"Если хотите то да. Они подскажут критерии оценивания преподавателей, сложность сдачи экзаменов и наиболее удобные варианты составления расписания",needs_review,,FAQ0244,59,5,2024-10-21,Разные ,ru,numbered,"Если хотите то да. Они подскажут критерии оценивания преподавателей, сложность сдачи экзаменов и наиболее удобные варианты составления расписания",,,
R059_Q06,ru,Как найти общий язык со своими одногруппниками и найти хороших друзей?,"Активно участвуйте в общих проектах, вступайте в студенческие клубы по интересам и ходите на внеучебные мероприятия",needs_review,"Проверить актуальность чисел, сроков, стоимости или должностей.",FAQ0245,59,6,2024-10-21,Разные ,ru,numbered,"Активно участвуйте в общих проектах, вступайте в студенческие клубы по интересам и ходите на внеучебные мероприятия",,,
R060_Q01,ru,К кому я могу обратиться в случае проявления буллинга со стороны других студентов университета?,Сначала обратитесь к эдвайзеру,needs_review,,FAQ0246,60,1,2024-10-22,University related/По университету/Университет бойынша,ru,numbered,Сначала обратитесь к эдвайзеру,,,
R060_Q02,ru,"Если я хочу заниматься благотворительностью, в силах ли университет обеспечить спонсирование?","Университет не выделяет прямые деньги, но может предоставить площадки, ресурсы, информационную поддержку и помочь с организацией сборов через студенческие клубы",needs_review,,FAQ0247,60,2,2024-10-22,University related/По университету/Университет бойынша,ru,numbered,"Университет не выделяет прямые деньги, но может предоставить площадки, ресурсы, информационную поддержку и помочь с организацией сборов через студенческие клубы",,,
R060_Q03,ru,Предоставляет ли университет возможность cooperative projects вместе с зарубежными вузами?,"Да, через Департамент международного сотрудничества (International Office), программы академической мобильности и совместные научные исследования",needs_review,,FAQ0248,60,3,2024-10-22,University related/По университету/Университет бойынша,ru,numbered,"Да, через Департамент международного сотрудничества (International Office), программы академической мобильности и совместные научные исследования",,,
R060_Q04,ru,"Могут ли студенты школы инженерии, а именно обучающиеся на айти факультете учавствовать в проекте ICPC? (Спортивное программирование)","Да, студенты SDU регулярно участвуют в ICPC; в университете действуют секции и отборочные этапы по спортивному программированию",needs_review,"Проверить актуальность чисел, сроков, стоимости или должностей.",FAQ0249,60,4,2024-10-22,University related/По университету/Университет бойынша,ru,numbered,"Да, студенты SDU регулярно участвуют в ICPC; в университете действуют секции и отборочные этапы по спортивному программированию",,,
R060_Q05,ru,Проводит ли руководство университета и администрация общежития инструктажи по действиям предпринимаемых при чрезвычайных ситуациях или обстоятельствах (например пожар или землетрясение),Администрация университета и общежития регулярно проводит плановые сейсмотренировки и учебные эвакуации при пожарной тревоге,needs_review,,FAQ0250,60,5,2024-10-22,University related/По университету/Университет бойынша,ru,numbered,Администрация университета и общежития регулярно проводит плановые сейсмотренировки и учебные эвакуации при пожарной тревоге,,,
R060_Q06,ru,Почему в комнатах общежития нам не дают ключи от нашей комнаты?,"Из противопожарной безопасности, контроля доступа и экстренного доступа администрации в комнаты при ЧС",needs_review,,FAQ0251,60,6,2024-10-22,University related/По университету/Университет бойынша,ru,numbered,"Из противопожарной безопасности, контроля доступа и экстренного доступа администрации в комнаты при ЧС",,,
R061_Q01,kk,"универде А,В деген блоктар неге жоқ?",А және В блоктары бар. Олар кітапхана жақта орналасқан,needs_review,,FAQ0252,61,1,2024-10-22,Бастан өткен,kk,numbered,А және В блоктары бар. Олар кітапхана жақта орналасқан,,,
R061_Q02,kk,дормга комната тандайтын кезде неге досыңмен бірге таңдауға болмайды?,"Бөлмені телеграмм бот арқылы таңдағандықтан, алдынала достарыңызбен келесіп бір бөлме таңдауларыңызға болады. Бірақ әдетте бір бөлмеде бір факультет адамдарын орналастырады",needs_review,,FAQ0253,61,2,2024-10-22,Бастан өткен,kk,numbered,"Бөлмені телеграмм бот арқылы таңдағандықтан, алдынала достарыңызбен келесіп бір бөлме таңдауларыңызға болады. Бірақ әдетте бір бөлмеде бір факультет адамдарын орналастырады",,,
R061_Q03,kk,сабақтың группасына қалай қосылады?,"Егерде группаның чаты ашылған болса, группаластарыңыздан сұрастырып көруіңізге болады",needs_review,,FAQ0254,61,3,2024-10-22,Бастан өткен,kk,numbered,"Егерде группаның чаты ашылған болса, группаластарыңыздан сұрастырып көруіңізге болады",,,
R061_Q04,kk,неге өз группаластарымды аз көрем?,"Себебі, әр студент өз сабақ кестесін өз ыңғайына қарай құрады",needs_review,,FAQ0255,61,4,2024-10-22,Бастан өткен,kk,numbered,"Себебі, әр студент өз сабақ кестесін өз ыңғайына қарай құрады",,,
R061_Q05,kk,жатаханға домашний шлепка алып келу міндетті ма?,Міндетті емес,needs_review,Краткий ответ: использовать вместе с вопросом.,FAQ0256,61,5,2024-10-22,Бастан өткен,kk,numbered,Міндетті емес,,,
R062_Q01,ru,Как можно связаться с президентом универа?,Записавшись на прием через Департамент по социальным вопросам,needs_review,"Проверить актуальность чисел, сроков, стоимости или должностей.",FAQ0257,62,1,2024-10-22,University related/По университету/Университет бойынша,ru,numbered,Записавшись на прием через Департамент по социальным вопросам,,,
R062_Q02,ru,Как именно оценивается GPA?,"GPA рассчитывается как средневзвешенная оценка по 4.0-балльной шкале, где каждый предмет умножается на количество кредитов (ECTS), суммируется и делится на общее число кредитов",needs_review,"Проверить актуальность чисел, сроков, стоимости или должностей.",FAQ0258,62,2,2024-10-22,University related/По университету/Университет бойынша,ru,numbered,"GPA рассчитывается как средневзвешенная оценка по 4.0-балльной шкале, где каждый предмет умножается на количество кредитов (ECTS), суммируется и делится на общее число кредитов",,,
R062_Q03,ru,Как можно записаться на тренажерный зал?,"Предъявив ID-карту, медицинскую справку (форму 075/073) и оплатив абонемент на ресепшене зала, если вы занимаетесь во внеурочное время",needs_review,"Проверить актуальность чисел, сроков, стоимости или должностей. Сверить конкретный зал и платность доступа: ответы различаются.",FAQ0259,62,3,2024-10-22,University related/По университету/Университет бойынша,ru,numbered,"Предъявив ID-карту, медицинскую справку (форму 075/073) и оплатив абонемент на ресепшене зала, если вы занимаетесь во внеурочное время",,,
R062_Q04,ru,Со скольки до скольки можно прийти на physical education,С 08:30 до 16:30,needs_review,"Проверить актуальность чисел, сроков, стоимости или должностей.",FAQ0260,62,4,2024-10-22,University related/По университету/Университет бойынша,ru,numbered,С 08:30 до 16:30,,,
R062_Q05,ru,Где можно сделать ID карту при ее потери?,Можете обратится Advisory Desk. Нужно будет заполнить заявление и оплатить перевыпуск,needs_review,,FAQ0261,62,5,2024-10-22,University related/По университету/Университет бойынша,ru,numbered,Можете обратится Advisory Desk. Нужно будет заполнить заявление и оплатить перевыпуск,,,
R062_Q06,ru,Куда я могу обратиться если у меня появились духовные проблемы?,"К университетскому психологу(находится за В1), эдвайзеру",needs_review,"Проверить актуальность чисел, сроков, стоимости или должностей.",FAQ0262,62,6,2024-10-22,University related/По университету/Университет бойынша,ru,numbered,"К университетскому психологу(находится за В1), эдвайзеру",,,
R063_Q01,ru,Где можно в универе поспать?,"В relax room (находится справа от H блока, в 3 этаже)",needs_review,"Проверить актуальность чисел, сроков, стоимости или должностей.",FAQ0263,63,1,2024-10-22,University related/По университету/Университет бойынша,ru,numbered,"В relax room (находится справа от H блока, в 3 этаже)",,,
R063_Q02,ru,Где можно купить мяч для настольного тенниса?,В маркете,needs_review,Краткий ответ: использовать вместе с вопросом.,FAQ0264,63,2,2024-10-22,University related/По университету/Университет бойынша,ru,numbered,В маркете,,,
R063_Q03,ru,Как пользоваться кофемашиной в G блоке?,Выберите кофе который хотите и оплатите. Дальше следуйте по инструкции в кофемашине,needs_review,,FAQ0265,63,3,2024-10-22,University related/По университету/Университет бойынша,ru,numbered,Выберите кофе который хотите и оплатите. Дальше следуйте по инструкции в кофемашине,,,
R063_Q04,ru,Почему в WIFI зоне WIFI не работает?,Может были проблемы в то время,needs_review,,FAQ0266,63,4,2024-10-22,University related/По университету/Университет бойынша,ru,numbered,Может были проблемы в то время,,,
R063_Q05,kk,Важно ли зарегаться в Жанұя?,"Нет, не обязательно",needs_review,,FAQ0267,63,5,2024-10-22,University related/По университету/Университет бойынша,ru,numbered,"Нет, не обязательно",,,
R063_Q06,ru,"Правда ли что, в сду есть ограничения по поводу одежды?","Самое главное не одевать открытую одежду, например шорты",needs_review,,FAQ0268,63,6,2024-10-22,University related/По университету/Университет бойынша,ru,numbered,"Самое главное не одевать открытую одежду, например шорты",,,
R064_Q01,en,What resources are available to improve time management skills at the university?,You can attend time-management workshops,needs_review,,FAQ0269,64,1,2024-10-22,University related/По университету/Университет бойынша,en,numbered,You can attend time-management workshops,,,
R064_Q02,en,How can I book a meeting with a faculty advisor or counselor?,Find your advisor's contact details on the SDU Portal under the Advisor tab and message to them via email,needs_review,,FAQ0270,64,2,2024-10-22,University related/По университету/Университет бойынша,en,numbered,Find your advisor's contact details on the SDU Portal under the Advisor tab and message to them via email,,,
R064_Q03,en,"Are there any study groups for first-year students, and how can I join them?",Some study groupd are created by student clubs such as Vision club,needs_review,,FAQ0271,64,3,2024-10-22,University related/По университету/Университет бойынша,en,numbered,Some study groupd are created by student clubs such as Vision club,,,
R064_Q04,en,What is the process for accessing special facilities like laboratories or workshops?,Laboratory access requires lab safety clearance from your course instructor and prior approval from the respective Faculty Laboratory Manager,needs_review,,FAQ0272,64,4,2024-10-22,University related/По университету/Университет бойынша,en,numbered,Laboratory access requires lab safety clearance from your course instructor and prior approval from the respective Faculty Laboratory Manager,,,
R064_Q05,en,How can I apply for student financial aid or a scholarship?,Submit an application along with supporting social/financial documents to the Student Service Center (SSC) during the designated university scholarship call periods,needs_review,,FAQ0273,64,5,2024-10-22,University related/По университету/Университет бойынша,en,numbered,Submit an application along with supporting social/financial documents to the Student Service Center (SSC) during the designated university scholarship call periods,,,
R064_Q06,en,Is there a guide for writing research papers or academic projects?,General academic writing guidelines and citation standards are available on the SDU Library Portal,needs_review,,FAQ0274,64,6,2024-10-22,University related/По университету/Университет бойынша,en,numbered,General academic writing guidelines and citation standards are available on the SDU Library Portal,,,
R065_Q01,kk,универге документ тапсыруға келгенде 45000 неге төйледік?,45000 теңге сіздердің студенттік өмірлеріңізге арналған. Осы ақшаға сіздер оқу бітіргенге кейін әртүрлі іс-шаралар ұйыдастыралады,needs_review,"Проверить актуальность чисел, сроков, стоимости или должностей.",FAQ0275,65,1,2024-10-23,University related/По университету/Университет бойынша,kk,numbered,45000 теңге сіздердің студенттік өмірлеріңізге арналған. Осы ақшаға сіздер оқу бітіргенге кейін әртүрлі іс-шаралар ұйыдастыралады,,,
R065_Q02,kk,D116 қай жерде орналасқан?,"D116 бұл В1 бочкасы. Кіреберістен кейінгі 2ші бочка, 1ші қабатта",needs_review,"Проверить актуальность чисел, сроков, стоимости или должностей.",FAQ0276,65,2,2024-10-23,University related/По университету/Университет бойынша,kk,numbered,"D116 бұл В1 бочкасы. Кіреберістен кейінгі 2ші бочка, 1ші қабатта",,,
R065_Q03,kk,"неге апсент қойған кезде кейде 1%, 2% кейде 7% болады?","Процент сабақтың аптасына неше рет болатына байланысты. Мысалы, аптасына бір рет болса, жалпы семестрде 15 рет болады деген сөз. Оның біреуі 7% болады",needs_review,"Проверить актуальность чисел, сроков, стоимости или должностей.",FAQ0277,65,3,2024-10-23,University related/По университету/Университет бойынша,kk,numbered,"Процент сабақтың аптасына неше рет болатына байланысты. Мысалы, аптасына бір рет болса, жалпы семестрде 15 рет болады деген сөз. Оның біреуі 7% болады",,,
R065_Q04,kk,неге универге документ тапсыруға келгенде кейбір студенттерге блокнот берді кейбіреуіне берген жоқ?,"Грантқа тапсыратын кезде СДУ-ға келіп, 1-ші таңдауды СДУ-ға берсеңіз сізге СДУ блокнотын береді",needs_review,"Проверить актуальность чисел, сроков, стоимости или должностей.",FAQ0278,65,4,2024-10-23,University related/По университету/Университет бойынша,kk,numbered,"Грантқа тапсыратын кезде СДУ-ға келіп, 1-ші таңдауды СДУ-ға берсеңіз сізге СДУ блокнотын береді",,,
R065_Q05,kk,грин кантин қай жақта?,"Грин кантин H блоктың оң жағында, -1 қабатында орналасқан",needs_review,"Проверить актуальность чисел, сроков, стоимости или должностей.",FAQ0279,65,5,2024-10-23,University related/По университету/Университет бойынша,kk,numbered,"Грин кантин H блоктың оң жағында, -1 қабатында орналасқан",,,
R065_Q06,kk,универде қай блоктарда лифт бар?,"D, E, F, H, I блоктарында лифт бар",needs_review,,FAQ0280,65,6,2024-10-23,University related/По университету/Университет бойынша,ru,numbered,"D, E, F, H, I блоктарында лифт бар",,,
R065_Q07,kk,3 этажда неге 1 ғана касса? өте ұзақ күтеміз кезекті,Жұмыскер жетіспеушілігі,needs_review,"Проверить актуальность чисел, сроков, стоимости или должностей.",FAQ0281,65,7,2024-10-23,University related/По университету/Университет бойынша,kk,numbered,Жұмыскер жетіспеушілігі,,,
R066_Q01,en,"What do you think, could the library become a place for quests or night intellectual games?","Yes, absolutely! It could make the library more attractive to students. Organizing games where they solve puzzles related to academic materials would spark interest in books and studying, while adding a fun element.",needs_review,,FAQ0282,66,1,2024-10-23,University related/По университету/Университет бойынша,en,numbered,"Yes, absolutely! It could make the library more attractive to students. Organizing games where they solve puzzles related to academic materials would spark interest in books and studying, while adding a fun element.",,,
R066_Q02,en,"If students could create their own clubs, what would a rooftop gardening club look like?","Such a club could create a real mini-garden on the roof! It wouldn’t just be an eco-project, but also a place for relaxation. Students could grow vegetables, flowers, and use it as a stress-relief zone after classes, organizing workshops and even charity fairs.",needs_review,,FAQ0283,66,2,2024-10-23,University related/По университету/Университет бойынша,en,numbered,"Such a club could create a real mini-garden on the roof! It wouldn’t just be an eco-project, but also a place for relaxation. Students could grow vegetables, flowers, and use it as a stress-relief zone after classes, organizing workshops and even charity fairs.",,,
R066_Q03,en,How would university life change if lectures were held on the rooftop of the main building during sunset?,"It would be a unique experience! Students could combine studying with enjoying nature. Evening lectures at sunset could become very popular and atmospheric, creating a more relaxed and creative environment for learning.",needs_review,,FAQ0284,66,3,2024-10-23,University related/По университету/Университет бойынша,en,numbered,"It would be a unique experience! Students could combine studying with enjoying nature. Evening lectures at sunset could become very popular and atmospheric, creating a more relaxed and creative environment for learning.",,,
R066_Q04,en,"What would happen if the university introduced a mandatory survival course in the wild for all students, regardless of their major?","It would definitely add an adventurous edge to university life! Students would learn essential survival skills, which would not only build resilience but also bring a sense of camaraderie. The course could become a practical break from academic work, helping students develop problem-solving and teamwork abilities in real-world scenarios.",needs_review,,FAQ0285,66,4,2024-10-23,University related/По университету/Университет бойынша,en,numbered,"It would definitely add an adventurous edge to university life! Students would learn essential survival skills, which would not only build resilience but also bring a sense of camaraderie. The course could become a practical break from academic work, helping students develop problem-solving and teamwork abilities in real-world scenarios.",,,
R067_Q01,kk,Ұлдар раздевалкасында қанша душ бар?,10 душ бар,needs_review,"Проверить актуальность чисел, сроков, стоимости или должностей. Краткий ответ: использовать вместе с вопросом.",FAQ0286,67,1,2024-10-23,University related/По университету/Университет бойынша,ru,numbered,10 душ бар,,,
R067_Q02,kk,ЕДУ-дің степендиясы қанша?,84000тг,needs_review,"Проверить актуальность чисел, сроков, стоимости или должностей. Краткий ответ: использовать вместе с вопросом.",FAQ0287,67,2,2024-10-23,University related/По университету/Университет бойынша,ru,numbered,84000тг,,,
R067_Q03,kk,"Юрфак, Инженерия, Бизнес школаның степендиясы қанша?",52372тг,needs_review,"Проверить актуальность чисел, сроков, стоимости или должностей. Краткий ответ: использовать вместе с вопросом.",FAQ0288,67,3,2024-10-23,University related/По университету/Университет бойынша,ru,numbered,52372тг,,,
R067_Q04,kk,Степендияның картасын қалай активировать етіп басқа карталарға жіберсе болады?,"Халық приложениесіне кіріп картаны басып сол жерден ностройки дегенді таңдап пинкод қою дегенді басу арқылы активировать етесің. Сонда басқа карталарға, каспигк, наличкаға айналдыруға болады.",needs_review,,FAQ0289,67,4,2024-10-23,University related/По университету/Университет бойынша,kk,numbered,"Халық приложениесіне кіріп картаны басып сол жерден ностройки дегенді таңдап пинкод қою дегенді басу арқылы активировать етесің. Сонда басқа карталарға, каспигк, наличкаға айналдыруға болады.",,,
R067_Q05,kk,СДУ лайф қаншаға дейін ашық?,18:00 дейін болады,needs_review,"Проверить актуальность чисел, сроков, стоимости или должностей.",FAQ0290,67,5,2024-10-23,University related/По университету/Университет бойынша,kk,numbered,18:00 дейін болады,,,
R067_Q06,kk,Клубтарға қашанна бастап кірсем болады?,Қазан айында SDU FEST болғаннан кейін өзің қалаған клубқа барсаң болады. Немесу әр клуб өз инстаграм аккаунтында отбор уақытын салады,needs_review,,FAQ0291,67,6,2024-10-23,University related/По университету/Университет бойынша,kk,numbered,Қазан айында SDU FEST болғаннан кейін өзің қалаған клубқа барсаң болады. Немесу әр клуб өз инстаграм аккаунтында отбор уақытын салады,,,
R067_Q07,kk,Валейбол клубта отбор қалай болады?,"Бірінші подача,прием,связка,қадауға тексереді. Артынан ойын ойнатып, сосын керек деген 6-10 адам арасында алады.",needs_review,"Проверить актуальность чисел, сроков, стоимости или должностей.",FAQ0292,67,7,2024-10-23,University related/По университету/Университет бойынша,kk,numbered,"Бірінші подача,прием,связка,қадауға тексереді. Артынан ойын ойнатып, сосын керек деген 6-10 адам арасында алады.",,,
R067_Q08,kk,Баскетбол клубтың отборы қалай болады?,"Бірінші лақтыру,кольцо астында салу, физика тексереді сосын кішігірім ойын ойнатып қабылдайды. 10-15 адас өтеді.",needs_review,"Проверить актуальность чисел, сроков, стоимости или должностей.",FAQ0293,67,8,2024-10-23,University related/По университету/Университет бойынша,kk,numbered,"Бірінші лақтыру,кольцо астында салу, физика тексереді сосын кішігірім ойын ойнатып қабылдайды. 10-15 адас өтеді.",,,
R068_Q01,kk,Менің кураторым болады ма?,иа бірақ кураторды көп көре бермейсің,needs_review,,FAQ0294,68,1,2024-10-23,University related/По университету/Университет бойынша,kk,numbered,иа бірақ кураторды көп көре бермейсің,,,
R068_Q02,kk,Менің группам болады ма?,иа группамен бірге қатысу міндетті шаралар бар,needs_review,,FAQ0295,68,2,2024-10-23,University related/По университету/Университет бойынша,kk,numbered,иа группамен бірге қатысу міндетті шаралар бар,,,
R068_Q03,kk,Университеттің мектептен көзге бірден байқалмайтын қандай өзгешелігі бар?,"Оқу форматы да өзгеше: университетте дәрістер, семинарлар, практикалық сабақтар, ал мектепте көбінесе сыныптық сабақтар өтеді

Студенттер арасындағы қарым-қатынас та өзгеше: университетте олар көбіне тең құқықты серіктестер ретінде жұмыс істейді, ал мектепте мұғалімнің бақылауында болады",needs_review,,FAQ0296,68,3,2024-10-23,University related/По университету/Университет бойынша,kk,numbered,"Оқу форматы да өзгеше: университетте дәрістер, семинарлар, практикалық сабақтар, ал мектепте көбінесе сыныптық сабақтар өтеді

Студенттер арасындағы қарым-қатынас та өзгеше: университетте олар көбіне тең құқықты серіктестер ретінде жұмыс істейді, ал мектепте мұғалімнің бақылауында болады",,,
R068_Q04,kk,Стипендия картасын Банк бөліміне барып аламын ба?,жоқ банкке бару керек емес. Университет өзі почтаға нұсқаулық жібереді сол арқылы қағазды толтырып университетке келетін банк қызметкеріне өткізіп сол қызметкерден картаны ала аламыз,needs_review,,FAQ0297,68,4,2024-10-23,University related/По университету/Университет бойынша,kk,numbered,жоқ банкке бару керек емес. Университет өзі почтаға нұсқаулық жібереді сол арқылы қағазды толтырып университетке келетін банк қызметкеріне өткізіп сол қызметкерден картаны ала аламыз,,,
R068_Q05,kk,Кітапханада тек бір қабат қана бар ма?,Мен басында солай ойладым сөйтіп таң қалдым. Негізінен 3 қабат бар астыңғы үстінгі және ортаңғы,needs_review,"Проверить актуальность чисел, сроков, стоимости или должностей.",FAQ0298,68,5,2024-10-23,University related/По университету/Университет бойынша,kk,numbered,Мен басында солай ойладым сөйтіп таң қалдым. Негізінен 3 қабат бар астыңғы үстінгі және ортаңғы,,,
R068_Q06,kk,Университетте намазхана бар ма?,иа бар қыздарға бөлек ұлдарға бөлек,needs_review,,FAQ0299,68,6,2024-10-23,University related/По университету/Университет бойынша,kk,numbered,иа бар қыздарға бөлек ұлдарға бөлек,,,
R069_Q01,kk,справка кайдан тапсырады,Медициналық справканы медцентр жіберген гугл формаға жібересіз,needs_review,,FAQ0300,69,1,2024-10-23,барине байланысты,kk,numbered,Медициналық справканы медцентр жіберген гугл формаға жібересіз,,,
R069_Q02,kk,намазхана барма,Блоктың цокольный қабатында бар,needs_review,,FAQ0301,69,2,2024-10-23,барине байланысты,kk,numbered,Блоктың цокольный қабатында бар,,,
R069_Q03,kk,45000 тенге төлеп б келесі жылы баска унверге ауысып кетсем акшамды кайтарып берема,Жоқ қайтарылмайды,needs_review,"Проверить актуальность чисел, сроков, стоимости или должностей.",FAQ0302,69,3,2024-10-23,барине байланысты,kk,numbered,Жоқ қайтарылмайды,,,
R069_Q04,kk,калай кітапы арендага алуга болады,Кітапханаға ID-картаңызбен барып тегін жаздырып аласыз,needs_review,,FAQ0303,69,4,2024-10-23,барине байланысты,kk,numbered,Кітапханаға ID-картаңызбен барып тегін жаздырып аласыз,,,
R069_Q05,kk,кандай апай кандай екенін кайдан біле аламын,Жоғарғы курс студенттерінен сұрастыра аласыз,needs_review,,FAQ0304,69,5,2024-10-23,барине байланысты,kk,numbered,Жоғарғы курс студенттерінен сұрастыра аласыз,,,
R070_Q01,kk,"Спорттық программированияға қатысу үшін, айти мамандығын оқу керек пе?",Жоқ,needs_review,Краткий ответ: использовать вместе с вопросом.,FAQ0305,70,1,2024-10-23,Университет бойынша және Жатақхана,kk,numbered,Жоқ,,,
R070_Q02,kk,"Инженер факультетінде информатика, математика, физика пәндерінен олимпиадалар жүргізема.","Толық информация білмеймін, бірақ жақында математикадан олимпиада болатынын естігенім бар.",content_review,"Неуверенность, предположение или отсутствие подтверждения в исходном ответе.",FAQ0306,70,2,2024-10-23,Университет бойынша және Жатақхана,kk,numbered,"Толық информация білмеймін, бірақ жақында математикадан олимпиада болатынын естігенім бар.",,,
R070_Q03,kk,Неге әр кантинді әр түрлі түспен бөлген?,,missing_answer,Нет содержательного ответа на этот вопрос.,FAQ0307,70,3,2024-10-23,Университет бойынша және Жатақхана,,numbered,Ол жағын білмедім,,,
R070_Q04,kk,"Универдін ішінде ауыр жарақатданған жағдайда, универ студентке қандай көмегін текізе алалады?",Универдің ішінде Жанұя орталық бар сол жерге бара алады,content_review,Проверить назначение центра и порядок экстренной помощи.,FAQ0308,70,4,2024-10-23,Университет бойынша және Жатақхана,kk,numbered,Универдің ішінде Жанұя орталық бар сол жерге бара алады,,,
R070_Q05,kk,Не себептерден сдудын кітапханасы 24/7 істемейді?,,missing_answer,Нет содержательного ответа на этот вопрос.,FAQ0309,70,5,2024-10-23,Университет бойынша және Жатақхана,,numbered,Білмедім,,,
R070_Q06,kk,Неге жатақханада тұратын студенттердер сағат 10 ға дейін жатақханада болуы керек.,Өйткені студентке бір нәрсе болған жағдайда универ немесе жатақхана жауап береді.,needs_review,"Проверить актуальность чисел, сроков, стоимости или должностей.",FAQ0310,70,6,2024-10-23,Университет бойынша және Жатақхана,kk,numbered,Өйткені студентке бір нәрсе болған жағдайда универ немесе жатақхана жауап береді.,,,
R071_Q01,ru,Как взаимодействовать с преподавателями?,"Строго по почте, с некоторыми можно через старосту или же через ассистентов",needs_review,,FAQ0311,71,1,2024-10-23,University related/По университету/Университет бойынша,ru,numbered,"Строго по почте, с некоторыми можно через старосту или же через ассистентов",,,
R071_Q02,ru,Можно ли записаться на индивидуальные консультации у некоторых преподов если отстаешь от темы?,"Нужно спросить у препода есть ли у него возможность и время для таких консультации. Но если есть вопросы касательно уроков, у вас будут офисные часы на которых можно их задать и понять",content_review,"Неуверенность, предположение или отсутствие подтверждения в исходном ответе. Проверить актуальность чисел, сроков, стоимости или должностей.",FAQ0312,71,2,2024-10-23,University related/По университету/Университет бойынша,ru,numbered,"Нужно спросить у препода есть ли у него возможность и время для таких консультации. Но если есть вопросы касательно уроков, у вас будут офисные часы на которых можно их задать и понять",,,
R071_Q03,ru,Можно ли посещать лекции или практисы тех предметов которых нет в моем расписании?,С разрешенеим преподавателя можно посещать любые лекции или практисы,needs_review,,FAQ0313,71,3,2024-10-23,University related/По университету/Университет бойынша,ru,numbered,С разрешенеим преподавателя можно посещать любые лекции или практисы,,,
R071_Q04,ru,Можно ли забронировать аудиторию или зал для личных проектов?,В библиотеке имеются конференц залы и маленькие комнаты для групповых проектво и их можно бронировать через портал,needs_review,,FAQ0314,71,4,2024-10-23,University related/По университету/Университет бойынша,ru,numbered,В библиотеке имеются конференц залы и маленькие комнаты для групповых проектво и их можно бронировать через портал,,,
R072_Q01,kk,Алдыңғы жылы ашылған теннисный клубқа кіру үшін не істеу керек?,"жақсы ойнай алуың керексің, көбіне 1 інші курстарды алады.",needs_review,"Проверить актуальность чисел, сроков, стоимости или должностей.",FAQ0315,72,1,2024-10-23,University related/По университету/Университет бойынша,kk,numbered,"жақсы ойнай алуың керексің, көбіне 1 інші курстарды алады.",,,
R072_Q02,kk,Алдыңғы жылы welcome party-де қай факультет жеңіске жетті?,Еду,needs_review,Краткий ответ: использовать вместе с вопросом.,FAQ0316,72,2,2024-10-23,University related/По университету/Университет бойынша,ru,numbered,Еду,,,
R072_Q03,kk,қай пәнге қанша беттік дәптер арнау керек?,желательно лекция болатын пәндерге қалыңырақ дәптер арнаған дұрыс,needs_review,,FAQ0317,72,3,2024-10-23,University related/По университету/Университет бойынша,kk,numbered,желательно лекция болатын пәндерге қалыңырақ дәптер арнаған дұрыс,,,
R072_Q04,kk,степендия түскеннен кейін номеріңді дұрыс емес жазып қойса қалай түзетеміз,Halyk Bank-тың отделениясына бару керек,needs_review,,FAQ0318,72,4,2024-10-23,University related/По университету/Университет бойынша,kk,numbered,Halyk Bank-тың отделениясына бару керек,,,
R072_Q05,kk,Полноценный обед жеген дұрыспа или на выбор тамақ алып жеген дұрыс па?,өзің қалай ыңғайлы солай көрсей,needs_review,,FAQ0319,72,5,2024-10-23,University related/По университету/Университет бойынша,kk,numbered,өзің қалай ыңғайлы солай көрсей,,,
R072_Q06,kk,"Теннис ойнағың келсе ракетка, сетка өзіңмен алып бару керек па әлде сол жақта тұрма?",өзіңмен бірге алып баруың керек,needs_review,,FAQ0320,72,6,2024-10-23,University related/По университету/Университет бойынша,kk,numbered,өзіңмен бірге алып баруың керек,,,
R072_Q07,kk,теннистің светін қай жақтан қосады?,"теннис жақтан 3 інші этажға көтерілесің, бұрыштан қосасын",needs_review,"Проверить актуальность чисел, сроков, стоимости или должностей.",FAQ0321,72,7,2024-10-23,University related/По университету/Университет бойынша,kk,numbered,"теннис жақтан 3 інші этажға көтерілесің, бұрыштан қосасын",,,
R073_Q01,ru,Можно ли из-за курса PASS/NOT PASS получить ритейк или потерять стипендию?,"Курсы PASS/NOT PASS это курсы по которыс ставится только две оценки: PASS или NOT PASS. Если студент набрал 50 или больше баллов по курсу, то ему ставиться оценка PASS. Если ниже 50 баллов, то ставится NOT PASS (т.е. FAIL). К таким курсам относятся такие курсы как Community Engagement, General English и другие курсы по которым оценка может быть только PASS или NOT PASS.
keywords: курс, Community Engagement, General English, ритейк, английский язык",content_review,"Неуверенность, предположение или отсутствие подтверждения в исходном ответе. Проверить актуальность чисел, сроков, стоимости или должностей.",FAQ0322,73,1,2024-10-23,University related/По университету/Университет бойынша,ru,numbered,"Курсы PASS/NOT PASS это курсы по которыс ставится только две оценки: PASS или NOT PASS. Если студент набрал 50 или больше баллов по курсу, то ему ставиться оценка PASS. Если ниже 50 баллов, то ставится NOT PASS (т.е. FAIL). К таким курсам относятся такие курсы как Community Engagement, General English и другие курсы по которым оценка может быть только PASS или NOT PASS.
keywords: курс, Community Engagement, General English, ритейк, английский язык",,,
R073_Q02,ru,Что такое курсы PASS/NOT PASS?,"Если студент набрал 50 или больше баллов за курс, то ему ставиться оценка PASS и он сохраняет стипендию. Если студент набрал меньше 50 баллов, то ему ставиться оценка NOT PASS (т.е. FAIL), и он получается ритейк и тем самым теряет стипендию.",needs_review,"Проверить актуальность чисел, сроков, стоимости или должностей.",FAQ0323,73,2,2024-10-23,University related/По университету/Университет бойынша,ru,numbered,"Если студент набрал 50 или больше баллов за курс, то ему ставиться оценка PASS и он сохраняет стипендию. Если студент набрал меньше 50 баллов, то ему ставиться оценка NOT PASS (т.е. FAIL), и он получается ритейк и тем самым теряет стипендию.",,,
R074_Q01,ru,"Как поддерживать диету так, что бы не заработать гастрит?","Если изначально есть проблемы с пищеварением, не стоит пропускать приемы пищи",needs_review,"Проверить актуальность чисел, сроков, стоимости или должностей.",FAQ0324,74,1,2024-10-23,Both,ru,numbered,"Если изначально есть проблемы с пищеварением, не стоит пропускать приемы пищи",,,
R074_Q02,ru,Где находится Центральная Карасайская районная больница и как до неё добраться?,"Она ноходиться в Каскелене, по адресу Жангозина 14. И на такси, и на автобусе (457, 459) добираться около 15 минут",needs_review,"Проверить актуальность чисел, сроков, стоимости или должностей.",FAQ0325,74,2,2024-10-23,Both,ru,numbered,"Она ноходиться в Каскелене, по адресу Жангозина 14. И на такси, и на автобусе (457, 459) добираться около 15 минут",,,
R074_Q03,ru,"В какое количество клубов стоит вступить, что бы это не мешало учебе?","Не стоит обманываться тем, что есть довольно много свободного времени в первые дни. Достаточно будет записаться в 1-2 клуба",needs_review,"Проверить актуальность чисел, сроков, стоимости или должностей.",FAQ0326,74,3,2024-10-23,Both,ru,numbered,"Не стоит обманываться тем, что есть довольно много свободного времени в первые дни. Достаточно будет записаться в 1-2 клуба",,,
R074_Q04,ru,Можно ли не отпрашиваясь не ночевать в общежитии?,"Нет, нельзя. Нужно что бы ваши родители написали в ресепшн о том, где и когда вы будете ночевать.",needs_review,,FAQ0327,74,4,2024-10-23,Both,ru,numbered,"Нет, нельзя. Нужно что бы ваши родители написали в ресепшн о том, где и когда вы будете ночевать.",,,
R074_Q05,ru,"Где взять ракетки для настольного тенниса, мяч и другие спортивные пренадлежности в общежитии?",Их можно попросить на регистратуре(ресепшн),needs_review,,FAQ0328,74,5,2024-10-23,Both,ru,numbered,Их можно попросить на регистратуре(ресепшн),,,
R074_Q06,ru,Со скольки работает маркет в общежитии?,Маркет работает примерно с семи,needs_review,,FAQ0329,74,6,2024-10-23,Both,ru,numbered,Маркет работает примерно с семи,,,
R074_Q07,ru,Какое время работы прачки в общежитии?,"Та, в которую сдаешь постельное белье с 8 до 17, та, в которой стираешь сам, работает 24/7",needs_review,"Проверить актуальность чисел, сроков, стоимости или должностей.",FAQ0330,74,7,2024-10-23,Both,ru,numbered,"Та, в которую сдаешь постельное белье с 8 до 17, та, в которой стираешь сам, работает 24/7",,,
R074_Q08,ru,"Куда обратиться, если тебя укусила собака, а ты живешь в общежитии?","Стоит обратиться в медкабинет Д блока, там вас перенаправят в Карасайскую центральную районную больницу, что бы привиться от бешенства",needs_review,"Проверить актуальность чисел, сроков, стоимости или должностей.",FAQ0331,74,8,2024-10-23,Both,ru,numbered,"Стоит обратиться в медкабинет Д блока, там вас перенаправят в Карасайскую центральную районную больницу, что бы привиться от бешенства",,,
R075_Q01,en,What happens if you lose a book in SDU library?,You will have to buy and give away an analogue of book подробнее о любой информации которая может вас заинтересовать вы можете посмотреть на sdu library портале,needs_review,,FAQ0332,75,1,2024-10-23,University related/По университету/Университет бойынша,ru,numbered,You will have to buy and give away an analogue of book подробнее о любой информации которая может вас заинтересовать вы можете посмотреть на sdu library портале,,,
R075_Q02,ru,Лучший способ связаться с учителем?,В СДУ есть корпоративная почта то есть если вы просто напишите в поиске имя учителя то легко можете найти его почту,needs_review,,FAQ0333,75,2,2024-10-23,University related/По университету/Университет бойынша,ru,numbered,В СДУ есть корпоративная почта то есть если вы просто напишите в поиске имя учителя то легко можете найти его почту,,,
R075_Q03,ru,Как распределяются студенты в комнатах в общежитии?,"Чаще всего по специальности,я вначале немного сомневалась разделяют ли их",needs_review,,FAQ0334,75,3,2024-10-23,University related/По университету/Университет бойынша,ru,numbered,"Чаще всего по специальности,я вначале немного сомневалась разделяют ли их",,,
R075_Q04,ru,Что будет если потеряешь Dorm pass?,Нужно прийти к администратору и тебе дадут новый но будет штраф на 2000 тг,needs_review,"Проверить актуальность чисел, сроков, стоимости или должностей.",FAQ0335,75,4,2024-10-23,University related/По университету/Университет бойынша,ru,numbered,Нужно прийти к администратору и тебе дадут новый но будет штраф на 2000 тг,,,
R075_Q05,ru,Есть ли в общежитии зоны для самостоятельной учёбы или тихие комнаты?,Да есть,needs_review,Краткий ответ: использовать вместе с вопросом.,FAQ0336,75,5,2024-10-23,University related/По университету/Университет бойынша,ru,numbered,Да есть,,,
R076_Q01,kk,КІтапханадан алған кітапты жоғалтып алсақ не істейміз?,штраф төлейсіз,needs_review,Краткий ответ: использовать вместе с вопросом.,FAQ0337,76,1,2024-10-23,University related/По университету/Университет бойынша,kk,numbered,штраф төлейсіз,,,
R076_Q02,kk,Алматыдан СДУға қалай жетуге болады?,авбуспен болмаса таксимен,needs_review,,FAQ0338,76,2,2024-10-23,University related/По университету/Университет бойынша,ru,numbered,авбуспен болмаса таксимен,,,
R076_Q03,kk,Университет мүлкін сындырып алған немесе т.б жағдайда не істеу керек?,штраф төлейсіз,needs_review,Краткий ответ: использовать вместе с вопросом.,FAQ0339,76,3,2024-10-23,University related/По университету/Университет бойынша,kk,numbered,штраф төлейсіз,,,
R076_Q04,kk,Жанұя орталығы туралы толық ақпаратты қайдан алуға болады?,деканат арқылы,needs_review,Краткий ответ: использовать вместе с вопросом.,FAQ0340,76,4,2024-10-23,University related/По университету/Университет бойынша,kk,numbered,деканат арқылы,,,
R076_Q05,kk,45000 теңгені тек Kaspi QR мен төлеуге болады ма?,иа,needs_review,"Проверить актуальность чисел, сроков, стоимости или должностей. Краткий ответ: использовать вместе с вопросом.",FAQ0341,76,5,2024-10-23,University related/По университету/Университет бойынша,ru,numbered,иа,,,
R076_Q06,kk,Маған керек тичердің кабинетін қалай білемін?,деканаттан,needs_review,Краткий ответ: использовать вместе с вопросом.,FAQ0342,76,6,2024-10-23,University related/По университету/Университет бойынша,ru,numbered,деканаттан,,,
R077_Q01,ru,"Как можно закрыть предмет турецкого языка, если прежде не учился в КТЛ, но изучал сам?",Подойти к главному учителю по турецкому языку и сдать экзамен,needs_review,,FAQ0343,77,1,2024-10-23,University related/По университету/Университет бойынша,ru,numbered,Подойти к главному учителю по турецкому языку и сдать экзамен,,,
R077_Q02,ru,Можно ли брать элективный курсы в первом семестре первого курса?,да,needs_review,Краткий ответ: использовать вместе с вопросом.,FAQ0344,77,2,2024-10-23,University related/По университету/Университет бойынша,ru,numbered,да,,,
R077_Q03,ru,Предоставляет ли университет сертификаты за активность в клубах?,зависеть от клуба,needs_review,,FAQ0345,77,3,2024-10-23,University related/По университету/Университет бойынша,ru,numbered,зависеть от клуба,,,
R077_Q04,ru,Будет ли помощь от преподавателей если по неизвестным причинам 3 или более недели не было практики?,зависеть от учителя,needs_review,"Проверить актуальность чисел, сроков, стоимости или должностей.",FAQ0346,77,4,2024-10-23,University related/По университету/Университет бойынша,ru,numbered,зависеть от учителя,,,
R078_Q01,kk,"Расписаниені қалай құрау қажет?((5,6 жылға қалмас үшін немесе кейбір пәндер пререквизитті қажет етеді.Оны алдын ала жоспарлай алу үшін)","Расписание құрайтын базаны іске келтіру,қосымша нақты ақпараттар берілуі қажет және т.б",needs_review,"Проверить актуальность чисел, сроков, стоимости или должностей.",FAQ0347,78,1,2024-10-23,University related/По университету/Университет бойынша,kk,numbered,"Расписание құрайтын базаны іске келтіру,қосымша нақты ақпараттар берілуі қажет және т.б",,,
R078_Q02,kk,Өз мамандығыңды дұрыс таңдадың ба? Мамандық туралы ақпараттар...,"Университетте мамандық туралы көптеген семинарлар,ғылыми жобалар секілді жұмыстардың жүргізілуі.Себебі,жас студенттердің мамандықты дұрыс таңдадым деген сенімділіктерін арттыру,өз мамандықтары туралы ақпараттарды білуі.Тағы бір ой,әр мамандыққа бөлек клубтар ашылуы.",needs_review,,FAQ0348,78,2,2024-10-23,University related/По университету/Университет бойынша,kk,numbered,"Университетте мамандық туралы көптеген семинарлар,ғылыми жобалар секілді жұмыстардың жүргізілуі.Себебі,жас студенттердің мамандықты дұрыс таңдадым деген сенімділіктерін арттыру,өз мамандықтары туралы ақпараттарды білуі.Тағы бір ой,әр мамандыққа бөлек клубтар ашылуы.",,,
R078_Q03,ru,Как развивать навыки студентов в процессе обучения?,"пример навыков:критическое мышление,цифровые навыки,социальные навыки и так далее...
Осындай дағдыларды университет қабырғасында студенттерің бойынан дамыту маңызды деп ойлаймын.Себебі,болашақта маман иесі болғанда өте қажет.",needs_review,,FAQ0349,78,3,2024-10-23,University related/По университету/Университет бойынша,kk,numbered,"пример навыков:критическое мышление,цифровые навыки,социальные навыки и так далее...
Осындай дағдыларды университет қабырғасында студенттерің бойынан дамыту маңызды деп ойлаймын.Себебі,болашақта маман иесі болғанда өте қажет.",,,
R078_Q04,ru,Как наладить контакты с однокурсниками и преподавателями?,"Бұл жерде неше түрлі СДУда бар clubтардан басқа ерекше,жаңа әдіс,бағыт шықса ғой.",needs_review,,FAQ0350,78,4,2024-10-23,University related/По университету/Университет бойынша,kk,numbered,"Бұл жерде неше түрлі СДУда бар clubтардан басқа ерекше,жаңа әдіс,бағыт шықса ғой.",,,
R078_Q05,ru,Как организовать свое время и учебу?,"Университет қабырғасында осындай шаралардың әр апта сайын ұйымдастырылып отыруы.Себебі,студенттерге оқу күрделілігі, жаңа орта,ата-анасынан алшақ болуы секілді түрлі факторлардың әсерінен студент психикалық және т.б жағдайларға тап болуы мүмкін.Осы кезде ортаның қолдауы,өзіне деген сенімділікті арттыратына сөзсіз сенемін!",content_review,"Неуверенность, предположение или отсутствие подтверждения в исходном ответе.",FAQ0351,78,5,2024-10-23,University related/По университету/Университет бойынша,kk,numbered,"Университет қабырғасында осындай шаралардың әр апта сайын ұйымдастырылып отыруы.Себебі,студенттерге оқу күрделілігі, жаңа орта,ата-анасынан алшақ болуы секілді түрлі факторлардың әсерінен студент психикалық және т.б жағдайларға тап болуы мүмкін.Осы кезде ортаның қолдауы,өзіне деген сенімділікті арттыратына сөзсіз сенемін!",,,
R078_Q06,ru,Куда обратиться за помощью в учебе?,"Иа,5 жағдайға байланысты сұрақ пайда болды.Универде жаңа ортада оқу қиындықтары шығуы мүмкін.Осы кезде office hours,adviser ден басқа жолдар табылуы қажет деп ойлаймын.",needs_review,"Проверить актуальность чисел, сроков, стоимости или должностей.",FAQ0352,78,6,2024-10-23,University related/По университету/Университет бойынша,kk,numbered,"Иа,5 жағдайға байланысты сұрақ пайда болды.Универде жаңа ортада оқу қиындықтары шығуы мүмкін.Осы кезде office hours,adviser ден басқа жолдар табылуы қажет деп ойлаймын.",,,
R079_Q01,en,How many points do you need for close the general English(and other subjects)?,"If you wanna stay with scholarship , you need 70 points and more than , if you take less than 70 points , but you take more than 50 points, you will just close the subjects.",needs_review,"Проверить актуальность чисел, сроков, стоимости или должностей.",FAQ0353,79,1,2024-10-23,University related/По университету/Университет бойынша,en,numbered,"If you wanna stay with scholarship , you need 70 points and more than , if you take less than 70 points , but you take more than 50 points, you will just close the subjects.",,,
R079_Q02,en,Is it possible to negotiate with the teachers?,Definitely not,needs_review,Краткий ответ: использовать вместе с вопросом.,FAQ0354,79,2,2024-10-23,University related/По университету/Университет бойынша,en,numbered,Definitely not,,,
R079_Q03,en,"Suppose I wanna enter to pedagogy of math, but I haven’t enough points in national unified testing, which speciality I need choose?","If you like math more than Information technology, you need to choose math science , otherwise statistics science.",needs_review,,FAQ0355,79,3,2024-10-23,University related/По университету/Университет бойынша,en,numbered,"If you like math more than Information technology, you need to choose math science , otherwise statistics science.",,,
R079_Q04,en,"Suppose I love math and I wanna will be professor of math , which speciality I must choose?",Math science of math and statistics,needs_review,,FAQ0356,79,4,2024-10-23,University related/По университету/Университет бойынша,en,numbered,Math science of math and statistics,,,
R079_Q05,en,Is it has a GYM nearby?,"I don’t know , but you can choose gym of new building SDU LIFE",needs_review,Сверить конкретный зал и платность доступа: ответы различаются.,FAQ0357,79,5,2024-10-23,University related/По университету/Университет бойынша,en,numbered,"I don’t know , but you can choose gym of new building SDU LIFE",,,
R079_Q06,en,Is it worth eat meal of university?,"I think no, because it’s so dangerous.",needs_review,,FAQ0358,79,6,2024-10-23,University related/По университету/Университет бойынша,en,numbered,"I think no, because it’s so dangerous.",,,
R079_Q07,en,"Is it worth choosing Turkish , if my English lvl is not enough for study ?",Definitely not.,needs_review,Краткий ответ: использовать вместе с вопросом.,FAQ0359,79,7,2024-10-23,University related/По университету/Университет бойынша,en,numbered,Definitely not.,,,
R079_Q08,en,Is there a pressure of students?,No,needs_review,Краткий ответ: использовать вместе с вопросом.,FAQ0360,79,8,2024-10-23,University related/По университету/Университет бойынша,en,numbered,No,,,
R080_Q01,kk,Welcome party ға бармаған жағдайда өз группамызды қалай іздеп табамыз?,Деканаттан сұрастырып білсеңіз болады,needs_review,,FAQ0361,80,1,2024-10-23,University related/По университету/Университет бойынша,kk,numbered,Деканаттан сұрастырып білсеңіз болады,,,
R080_Q02,kk,Қандай мұғалімді таңдау керек екенін қайдан білеміз?,адвайзерден сұрап көріңз,needs_review,,FAQ0362,80,2,2024-10-23,University related/По университету/Университет бойынша,kk,numbered,адвайзерден сұрап көріңз,,,
R080_Q03,kk,Эдвайзер мен қалай тез тіл табысып кетуге болады?,чайға шақырып көріңіз,needs_review,,FAQ0363,80,3,2024-10-23,University related/По университету/Университет бойынша,kk,numbered,чайға шақырып көріңіз,,,
R080_Q04,kk,Расписание ні құруға біреу көмектеседі ма?,негізі ешкім көмектеспейді бірақ проблемалар шығып қалса адвайзерден көмек сұрай аласыз,needs_review,,FAQ0364,80,4,2024-10-23,University related/По университету/Университет бойынша,kk,numbered,негізі ешкім көмектеспейді бірақ проблемалар шығып қалса адвайзерден көмек сұрай аласыз,,,
R080_Q05,kk,Группаластармен кино пати ді қай жақта ұйымдастырса болады?,негізі бочка әдемі вариант ше,needs_review,,FAQ0365,80,5,2024-10-23,University related/По университету/Университет бойынша,kk,numbered,негізі бочка әдемі вариант ше,,,
R080_Q06,kk,Неге андроид телефондарда sdu 5G Wi-Fi ұстамайды?,деканатқа барып көріңіз,needs_review,"Проверить актуальность чисел, сроков, стоимости или должностей.",FAQ0366,80,6,2024-10-23,University related/По университету/Университет бойынша,kk,numbered,деканатқа барып көріңіз,,,
R080_Q07,kk,Библиотекадағы конференц залың қалай броньдап коюға болады?,QR арқылы,needs_review,Краткий ответ: использовать вместе с вопросом.,FAQ0367,80,7,2024-10-23,University related/По университету/Университет бойынша,kk,numbered,QR арқылы,,,
R080_Q08,kk,Quiz бен митка ға дайындалуға мұғалімдерден көмек сұраса болады ма?,әрине сұрай аласыз қандай тақырыптардан келеді сұрақтар қай аптада болады деп,needs_review,,FAQ0368,80,8,2024-10-23,University related/По университету/Университет бойынша,kk,numbered,әрине сұрай аласыз қандай тақырыптардан келеді сұрақтар қай аптада болады деп,,,
R080_Q09,kk,Ағылшын деңгейін қалай досрочно жауып тастауға болады?,Ielts тесті арқылы,needs_review,,FAQ0369,80,9,2024-10-23,University related/По университету/Университет бойынша,kk,numbered,Ielts тесті арқылы,,,
R080_Q10,kk,Дормға үй жануарын алып келуге болады ма?,жоқ,needs_review,Краткий ответ: использовать вместе с вопросом.,FAQ0370,80,10,2024-10-23,University related/По университету/Университет бойынша,kk,numbered,жоқ,,,
R081_Q01,kk,webex қалай кіреді,мудл да ссылка болу керек,needs_review,,FAQ0371,81,1,2024-10-23,University related/По университету/Университет бойынша,ru,numbered,мудл да ссылка болу керек,,,
R081_Q02,kk,онлайн параларға қалай қатысамыз,мудл да ссылка болу керек,needs_review,,FAQ0372,81,2,2024-10-23,University related/По университету/Университет бойынша,ru,numbered,мудл да ссылка болу керек,,,
R081_Q03,kk,"ағылшын тілінен хабарымыз болмаса
сабақты қалай түсінеміз",ағылшын тілін оқу керек сіз,needs_review,,FAQ0373,81,3,2024-10-23,University related/По университету/Университет бойынша,kk,numbered,ағылшын тілін оқу керек сіз,,,
R081_Q04,kk,футбол клубында ережені қалай құруға болады,клубтан сұрап көріңіз,needs_review,,FAQ0374,81,4,2024-10-23,University related/По университету/Университет бойынша,kk,numbered,клубтан сұрап көріңіз,,,
R081_Q05,kk,кітапхананың сайтына қалай кіреміз,QR арқылы,needs_review,Краткий ответ: использовать вместе с вопросом.,FAQ0375,81,5,2024-10-23,University related/По университету/Университет бойынша,kk,numbered,QR арқылы,,,
R082_Q01,ru,"Почему некоторые сайты блокируются если использовать WiFi от СДУ(например как steam, riot client, пиратские сайты, некоторые браузеры, роблокс, все сайты от LIB и.т.д)?",Стоит специальный блокировщик.,needs_review,"Проверить актуальность чисел, сроков, стоимости или должностей.",FAQ0376,82,1,2024-10-23,University related/По университету/Университет бойынша,ru,numbered,Стоит специальный блокировщик.,,,
R082_Q02,ru,Какова причина и цель университета ставить firewall на свой интернет?,"Я не знаю. Те кто хотят найти обходной путь, все равно найдут его.",content_review,"Причина не установлена. Неуверенность, предположение или отсутствие подтверждения в исходном ответе.",FAQ0377,82,2,2024-10-23,University related/По университету/Университет бойынша,ru,numbered,"Я не знаю. Те кто хотят найти обходной путь, все равно найдут его.",,,
R082_Q03,ru,Какие скидки имеются для выпускников НИШ-а?,Им могут закрыть некоторые предметы смотря на их оценки в МЭСК-е,content_review,"Ответ о перезачёте предметов, вопрос о скидках.",FAQ0378,82,3,2024-10-23,University related/По университету/Университет бойынша,ru,numbered,Им могут закрыть некоторые предметы смотря на их оценки в МЭСК-е,,,
R082_Q04,ru,Имеется ли военная кафедра в университете?,Тоже интересует этот вопрос,content_review,Ответ отсутствует: респондент тоже задаёт вопрос.,FAQ0379,82,4,2024-10-23,University related/По университету/Университет бойынша,ru,numbered,Тоже интересует этот вопрос,,,
R082_Q05,ru,Почему нельзя готовить в общежитии?,Есть догадка что студенты что были ранее как то накосячили. И теперь нам нельзя готовить,content_review,Неподтверждённая догадка.,FAQ0380,82,5,2024-10-23,University related/По университету/Университет бойынша,ru,numbered,Есть догадка что студенты что были ранее как то накосячили. И теперь нам нельзя готовить,,,
R082_Q06,ru,Можно ли студентам которые выпустились с обычных школ закрывать предметы заранее как студентам ниша? Закрывать посредством тестов.,,missing_answer,Нет содержательного ответа на этот вопрос.,FAQ0381,82,6,2024-10-23,University related/По университету/Университет бойынша,,numbered,,,,
R082_Q07,ru,Можно ли заходить жителям мужского блока заходить в женский и наоборот?,Слышал что нельзя. Но девушки спокойно ходят в мужском блоке,content_review,"Слух и противоречивое описание. Неуверенность, предположение или отсутствие подтверждения в исходном ответе.",FAQ0382,82,7,2024-10-23,University related/По университету/Университет бойынша,ru,numbered,Слышал что нельзя. Но девушки спокойно ходят в мужском блоке,,,
R083_Q01,ru,Как без лишних переживаний закрыть предметы,Самое главное не пропускать лекций и практические занятия. Тогда у тебя будет возможность даже без подготовки закрыть предмет,content_review,"Неуверенность, предположение или отсутствие подтверждения в исходном ответе.",FAQ0383,83,1,2024-10-23,Both of them,ru,numbered,Самое главное не пропускать лекций и практические занятия. Тогда у тебя будет возможность даже без подготовки закрыть предмет,,,
R083_Q02,ru,Где можно бесплатно получить электронный вариант книги,Сайт называется Libgen,needs_review,,FAQ0384,83,2,2024-10-23,Both of them,ru,numbered,Сайт называется Libgen,,,
R083_Q03,ru,Что делать если за семестр набрал несколько ретейков.,Хочешь сам заработать и сам закрыть эти предметы? Это самое худшее решение которое я принимал. Лучше рассказать родителям и как можно скорее закрыть все долги.,needs_review,,FAQ0385,83,3,2024-10-23,Both of them,ru,numbered,Хочешь сам заработать и сам закрыть эти предметы? Это самое худшее решение которое я принимал. Лучше рассказать родителям и как можно скорее закрыть все долги.,,,
R083_Q04,ru,"Куда обращаться за помощью если тревожат мысли о суициде, психическая нестабильность, стресс и тд.","В нашем университете есть бесплатный психолог для студентов, они тебе помогут с ментальными проблемами. Советую записываться на него заранее т.к. туда обычно очередь огромная",needs_review,,FAQ0386,83,4,2024-10-23,Both of them,ru,numbered,"В нашем университете есть бесплатный психолог для студентов, они тебе помогут с ментальными проблемами. Советую записываться на него заранее т.к. туда обычно очередь огромная",,,
R084_Q01,ru,Что нужно сделать для того чтобы получить справку с QR-oм?,"Нужно зайти в сайт, и кликнуть на online services, выбрать справку в которой нуждаетесь, позже выбрать онлайн версию, там и будет QR код",needs_review,,FAQ0387,84,1,2024-10-23,University related/По университету/Университет бойынша,ru,single,"Нужно зайти в сайт, и кликнуть на online services, выбрать справку в которой нуждаетесь, позже выбрать онлайн версию, там и будет QR код",,,
R085_Q01,ru,Сможет ли бот помочь мне в решении моих учебных трудностей?,,missing_answer,"Нет содержательного ответа на этот вопрос. В поле ответа была информация о респонденте, а не ответ.",FAQ0388,85,1,2024-10-23,this questions by 2nd course student [student email removed],,line_order,,,,
R085_Q02,ru,С какими проблемами в учебе студенты сталкиваюсь чаще всего?,,missing_answer,"Нет содержательного ответа на этот вопрос. В поле ответа была информация о респонденте, а не ответ.",FAQ0389,85,2,2024-10-23,this questions by 2nd course student [student email removed],,line_order,,,,
R085_Q03,ru,Будет ли доступна информация о курсах и преподавателях через бота?,,missing_answer,"Нет содержательного ответа на этот вопрос. В поле ответа была информация о респонденте, а не ответ.",FAQ0390,85,3,2024-10-23,this questions by 2nd course student [student email removed],,line_order,,,,
R085_Q04,ru,"Если бы у меня была возможность что-то изменить в университете, мог бы я предложить это боту,что бы персонал это мог увидеть?",,missing_answer,"Нет содержательного ответа на этот вопрос. В поле ответа была информация о респонденте, а не ответ.",FAQ0391,85,4,2024-10-23,this questions by 2nd course student [student email removed],,line_order,,,,
R085_Q05,ru,"Будет ли бот показывать квоты на предметы, пока регистрация закрыта?",,missing_answer,"Нет содержательного ответа на этот вопрос. В поле ответа была информация о респонденте, а не ответ.",FAQ0392,85,5,2024-10-23,this questions by 2nd course student [student email removed],,line_order,,,,
R086_Q01,kk,Универ асханасында түскі асты қай уақыт аралығында береді?,Примерно 12:00-14:30.,needs_review,"Проверить актуальность чисел, сроков, стоимости или должностей.",FAQ0393,86,1,2024-10-23,"dormitory, canteen and library",ru,numbered,Примерно 12:00-14:30.,,,
R086_Q02,kk,"Ауырып қалған жағдайда, справканы алып оны қайда өткізеді?",Арнайы гугл формаға прикрепить етіп жібереді.,needs_review,,FAQ0394,86,2,2024-10-23,"dormitory, canteen and library",kk,numbered,Арнайы гугл формаға прикрепить етіп жібереді.,,,
R086_Q03,kk,Жатақханадағы маркет қай уақытта жабылады?,Түнгі 11де,needs_review,"Проверить актуальность чисел, сроков, стоимости или должностей. Краткий ответ: использовать вместе с вопросом.",FAQ0395,86,3,2024-10-23,"dormitory, canteen and library",kk,numbered,Түнгі 11де,,,
R086_Q04,kk,Универде дене шынықтыру сабағына қай уақытқа дейін барса болады?,15:30 да соңғы сабаққа барса болады 16:20 жабылады,needs_review,"Проверить актуальность чисел, сроков, стоимости или должностей.",FAQ0396,86,4,2024-10-23,"dormitory, canteen and library",kk,numbered,15:30 да соңғы сабаққа барса болады 16:20 жабылады,,,
R086_Q05,kk,Ағылшын курсы gpa және стипендияға әсер етедіме?,Әсер етпейді,needs_review,Краткий ответ: использовать вместе с вопросом.,FAQ0397,86,5,2024-10-23,"dormitory, canteen and library",kk,numbered,Әсер етпейді,,,
R086_Q06,kk,"Quiz немесе midterm болатын сабаққа бармай қалсан, басқа сабақта тапсырса болама?",Мұғалімге байланысты негізі тапсыруға мүмкіндік бар,needs_review,,FAQ0398,86,6,2024-10-23,"dormitory, canteen and library",kk,numbered,Мұғалімге байланысты негізі тапсыруға мүмкіндік бар,,,
R086_Q07,kk,Мат Стат мамандығының екі бағытының айырмашылығы қандай?,Кейбір сабақтары өзгеше және болашақ мамандандыруы өзгеше,needs_review,,FAQ0399,86,7,2024-10-23,"dormitory, canteen and library",kk,numbered,Кейбір сабақтары өзгеше және болашақ мамандандыруы өзгеше,,,
R086_Q08,kk,Жатақханада сенің этажының футбол ойнау уақыты аптасына қанша рет және оны қайдан білуге болады?,"Аптасына 1 рет, оны Абиден білсен болады",needs_review,"Проверить актуальность чисел, сроков, стоимости или должностей.",FAQ0400,86,8,2024-10-23,"dormitory, canteen and library",kk,numbered,"Аптасына 1 рет, оны Абиден білсен болады",,,
R087_Q01,en,What is a techno park?,Organization or club in which you can implement projects,needs_review,,FAQ0401,87,1,2024-10-23,University related/По университету/Университет бойынша,en,numbered,Organization or club in which you can implement projects,,,
R087_Q02,en,where is the techno park?,On the lower floor of block F,needs_review,,FAQ0402,87,2,2024-10-23,University related/По университету/Университет бойынша,en,numbered,On the lower floor of block F,,,
R087_Q03,en,how to get selected for a technо park?,You need to go to the technology park and leave a request,needs_review,,FAQ0403,87,3,2024-10-23,University related/По университету/Университет бойынша,en,numbered,You need to go to the technology park and leave a request,,,
R087_Q04,en,what is an exchange program?,a program where you can go to study abroad,needs_review,,FAQ0404,87,4,2024-10-23,University related/По университету/Университет бойынша,en,numbered,a program where you can go to study abroad,,,
R087_Q05,en,What is a Beta career?,A program where you can do an internship,needs_review,,FAQ0405,87,5,2024-10-23,University related/По университету/Университет бойынша,en,numbered,A program where you can do an internship,,,
R087_Q06,en,What is a syllabus?,Point system and training program,needs_review,,FAQ0406,87,6,2024-10-23,University related/По университету/Университет бойынша,en,numbered,Point system and training program,,,
R087_Q07,en,What is a moodle?,A site where you can upload homework and receive them and look at grades,needs_review,,FAQ0407,87,7,2024-10-23,University related/По университету/Университет бойынша,en,numbered,A site where you can upload homework and receive them and look at grades,,,
R087_Q08,en,How to register in moodle,Your profile in the portal has your password and login and you need to log in using them in the moodle,needs_review,,FAQ0408,87,8,2024-10-23,University related/По университету/Университет бойынша,en,numbered,Your profile in the portal has your password and login and you need to log in using them in the moodle,,,
R088_Q01,ru,Сколько времени обычно занимает дорога на автобусе из Алматы до университета СДУ?,Примерно 30 минут,needs_review,"Проверить актуальность чисел, сроков, стоимости или должностей.",FAQ0409,88,1,2024-10-23,University related/По университету/Университет бойынша,ru,numbered,Примерно 30 минут,,,
R088_Q02,ru,"Предоставляется ли стипендия, если ты выиграл внутренний грант на поступление в СДУ по олимпиаде SPT?",нет,needs_review,Краткий ответ: использовать вместе с вопросом.,FAQ0410,88,2,2024-10-23,University related/По университету/Университет бойынша,ru,numbered,нет,,,
R088_Q03,ru,"Где можно получить информацию о том, где можно работать после окончания бакалавриата в университете СДУ?",спросите у деканата,needs_review,,FAQ0411,88,3,2024-10-23,University related/По университету/Университет бойынша,ru,numbered,спросите у деканата,,,
R088_Q04,ru,"Как лучше составить расписание: с окнами между занятиями или без перерывов, подряд?",как вам удобно,needs_review,Краткий ответ: использовать вместе с вопросом.,FAQ0412,88,4,2024-10-23,University related/По университету/Университет бойынша,ru,numbered,как вам удобно,,,
R088_Q05,ru,"Стоит ли обращать внимание на время занятий при составлении расписания или лучше выбирать занятия с хорошими преподавателями, даже если время неудобное?",лучше выбирать занятия с хорошими преподавателями,needs_review,"Проверить актуальность чисел, сроков, стоимости или должностей.",FAQ0413,88,5,2024-10-23,University related/По университету/Университет бойынша,ru,numbered,лучше выбирать занятия с хорошими преподавателями,,,
R088_Q06,ru,"Какой средний балл GPA нужно иметь, чтобы получить красный диплом?",выше 3.5,needs_review,"Проверить актуальность чисел, сроков, стоимости или должностей. Краткий ответ: использовать вместе с вопросом.",FAQ0414,88,6,2024-10-23,University related/По университету/Университет бойынша,ru,numbered,выше 3.5,,,
R089_Q01,kk,GPA калай есептеледы?,Белгылы Формуламен,needs_review,,FAQ0415,89,1,2024-10-23,both of them,ru,numbered,Белгылы Формуламен,,,
R089_Q02,kk,Мугалымдердын почтасын кайдан тапсам болады?,Мудлдан,needs_review,Краткий ответ: использовать вместе с вопросом.,FAQ0416,89,2,2024-10-23,both of them,ru,numbered,Мудлдан,,,
R089_Q03,kk,Сабактар туралы акпараттарды кайдан корсем болады?,Мудлдан,needs_review,Краткий ответ: использовать вместе с вопросом.,FAQ0417,89,3,2024-10-23,both of them,ru,numbered,Мудлдан,,,
R089_Q04,kk,Уй жумысын кай жакка саламын?,Мудлга,needs_review,Краткий ответ: использовать вместе с вопросом.,FAQ0418,89,4,2024-10-23,both of them,ru,numbered,Мудлга,,,
R089_Q05,kk,50% ды аспасам не болады?,Ретейк,needs_review,"Проверить актуальность чисел, сроков, стоимости или должностей. Краткий ответ: использовать вместе с вопросом.",FAQ0419,89,5,2024-10-23,both of them,ru,numbered,Ретейк,,,
R089_Q06,kk,Клубтарды кайдан корсем болады?,Инстаграм Сду паракшасынан,needs_review,,FAQ0420,89,6,2024-10-23,both of them,ru,numbered,Инстаграм Сду паракшасынан,,,
R089_Q07,kk,Сабактардан кандай бага алганымды кайдан коремын?,Мугалымдерден сурайсыз,needs_review,,FAQ0421,89,7,2024-10-23,both of them,ru,numbered,Мугалымдерден сурайсыз,,,
R089_Q08,kk,Кайдан оку туралы кагаздарды шыгарамын?,Эдвайзинг десктан,needs_review,,FAQ0422,89,8,2024-10-23,both of them,ru,numbered,Эдвайзинг десктан,,,
R089_Q09,kk,Зал айына канша?,5000тг,needs_review,"Проверить актуальность чисел, сроков, стоимости или должностей. Краткий ответ: использовать вместе с вопросом.",FAQ0423,89,9,2024-10-23,both of them,ru,numbered,5000тг,,,
R089_Q10,kk,Спорттык клубтар барма?,Бар,needs_review,Краткий ответ: использовать вместе с вопросом.,FAQ0424,89,10,2024-10-23,both of them,ru,numbered,Бар,,,
R090_Q01,en,can I move to another university while maintaining the grant?,"yes, in the second semester but you have to finish first semester without retakes",needs_review,,FAQ0425,90,1,2024-10-24,University related/По университету/Университет бойынша,en,numbered,"yes, in the second semester but you have to finish first semester without retakes",,,
R090_Q02,en,will i lose my grant if i lose my scholarship?,"no, but if you get a retake I'll have to pay it",needs_review,,FAQ0426,90,2,2024-10-24,University related/По университету/Университет бойынша,en,numbered,"no, but if you get a retake I'll have to pay it",,,
R091_Q01,kk,"Неге жатаханадағы бөлмелерде тек екі ұзартқыш розетка ғана бар,егер комнатада төрт адам жататын болса?",дормдағы қызметкерлерден сұрап көріңіз,needs_review,,FAQ0427,91,1,2024-10-24,Dormitory related/По общежитию/Жатақхана бойынша,kk,numbered,дормдағы қызметкерлерден сұрап көріңіз,,,
R091_Q02,kk,Неге жатаханадағы асханаға микроволновко қойылмаған?,дормдағы қызметкерлерден сұрап көріңіз,needs_review,,FAQ0428,91,2,2024-10-24,Dormitory related/По общежитию/Жатақхана бойынша,kk,numbered,дормдағы қызметкерлерден сұрап көріңіз,,,
R091_Q03,kk,Неге жатаханадағы дүкен азанда ашық емес?,дормдағы қызметкерлерден сұрап көріңіз,needs_review,,FAQ0429,91,3,2024-10-24,Dormitory related/По общежитию/Жатақхана бойынша,kk,numbered,дормдағы қызметкерлерден сұрап көріңіз,,,
R091_Q04,kk,"Жатаханаға өз уақытында келмей, басқа жақта қонуға рұқсат барма?",иа бар,needs_review,Краткий ответ: использовать вместе с вопросом.,FAQ0430,91,4,2024-10-24,Dormitory related/По общежитию/Жатақхана бойынша,ru,numbered,иа бар,,,
R092_Q01,ru,Сколько студентов в среднем работают за рубежом после окончании?,у деканата можете спросите об этом,needs_review,,FAQ0431,92,1,2024-10-24,Dormitory related/По общежитию/Жатақхана бойынша,ru,numbered,у деканата можете спросите об этом,,,
R092_Q02,ru,Почему общежитие слишком дорого при том что есть только ужин?,спросите у деканата,needs_review,,FAQ0432,92,2,2024-10-24,Dormitory related/По общежитию/Жатақхана бойынша,ru,numbered,спросите у деканата,,,
R092_Q03,ru,Можно ли без трудностей менять профессию после окончание эд дропа?,нет,needs_review,Краткий ответ: использовать вместе с вопросом.,FAQ0433,92,3,2024-10-24,Dormitory related/По общежитию/Жатақхана бойынша,ru,numbered,нет,,,
R092_Q04,ru,Как можно хорошо учится с уровнем А1 ?,все зависеть от вас,needs_review,"Проверить актуальность чисел, сроков, стоимости или должностей.",FAQ0434,92,4,2024-10-24,Dormitory related/По общежитию/Жатақхана бойынша,ru,numbered,все зависеть от вас,,,
R093_Q01,kk,Тенниске арналған заттарды қайдан сатып алуға болады?,магазинен,needs_review,Краткий ответ: использовать вместе с вопросом.,FAQ0435,93,1,2024-10-24,University related/По университету/Университет бойынша,ru,numbered,магазинен,,,
R093_Q02,kk,Универге айди картасыз кіруге бола ма?,иа болады,needs_review,Краткий ответ: использовать вместе с вопросом. Сверить правила входа без ID: в наборе есть противоречия.,FAQ0436,93,2,2024-10-24,University related/По университету/Университет бойынша,kk,numbered,иа болады,,,
R093_Q03,kk,Универ студенттік оңай картасын бере ме?,жоқ,needs_review,Краткий ответ: использовать вместе с вопросом.,FAQ0437,93,3,2024-10-24,University related/По университету/Университет бойынша,kk,numbered,жоқ,,,
R093_Q04,kk,Уелком патиға кез келген адам қатыса береді ме?,иа,needs_review,Краткий ответ: использовать вместе с вопросом.,FAQ0438,93,4,2024-10-24,University related/По университету/Университет бойынша,ru,numbered,иа,,,
R093_Q05,kk,Универдің көліктерге арналған қақпасынан өтуге бола ма?,тек сду қызметкерлеріне,needs_review,,FAQ0439,93,5,2024-10-24,University related/По университету/Университет бойынша,kk,numbered,тек сду қызметкерлеріне,,,
R093_Q06,kk,Повышка стипендия қанша теңгені құрайды?,5000 тг дай,needs_review,"Проверить актуальность чисел, сроков, стоимости или должностей. Краткий ответ: использовать вместе с вопросом.",FAQ0440,93,6,2024-10-24,University related/По университету/Университет бойынша,ru,numbered,5000 тг дай,,,
R094_Q01,ru,Есть ли в универе icpc club?,"да,есть.",needs_review,Краткий ответ: использовать вместе с вопросом. Одинаковый вопрос имеет разные ответы; сверить записи R133_Q01.,FAQ0441,94,1,2024-10-24,University related/По университету/Университет бойынша,ru,numbered,"да,есть.",,,
R094_Q02,ru,Если есть как я могу туда войти?,Вам необходимо решить определенное количество задач и пройти отбор.,needs_review,Одинаковый вопрос имеет разные ответы; сверить записи R133_Q02.,FAQ0442,94,2,2024-10-24,University related/По университету/Университет бойынша,ru,numbered,Вам необходимо решить определенное количество задач и пройти отбор.,,,
R094_Q03,ru,"Можно ли договориться с преподавателем о времени урока? Например, у меня урок во вторник, но я буду участвовать в уроке в среду с другой группой.",это зависит от учителя,needs_review,"Проверить актуальность чисел, сроков, стоимости или должностей. Одинаковый вопрос имеет разные ответы; сверить записи R133_Q03.",FAQ0443,94,3,2024-10-24,University related/По университету/Университет бойынша,ru,numbered,это зависит от учителя,,,
R094_Q04,ru,Что делать если пароль на мудл не меняется?,обратитесь к деканату,needs_review,Одинаковый вопрос имеет разные ответы; сверить записи R133_Q05.,FAQ0444,94,4,2024-10-24,University related/По университету/Университет бойынша,ru,numbered,обратитесь к деканату,,,
R095_Q01,ru,Как правильно выбирать уроки и где найти свои курсы?,спросите у деканата или обратитесь к эдвайзеру,needs_review,,FAQ0445,95,1,2024-10-24,University related/По университету/Университет бойынша,ru,numbered,спросите у деканата или обратитесь к эдвайзеру,,,
R095_Q02,ru,"Если пропустил некоторые квизы или другие тесты, можно ли их переписать?",спросите у учителя,needs_review,,FAQ0446,95,2,2024-10-24,University related/По университету/Университет бойынша,ru,numbered,спросите у учителя,,,
R095_Q03,ru,"В СДУ лайф, gym бесплатный или нет?","По исходному ответу, спортзал в SDU Life бесплатный.",needs_review,Краткий ответ: использовать вместе с вопросом. Сверить конкретный зал и платность доступа: ответы различаются.,FAQ0447,95,3,2024-10-24,University related/По университету/Университет бойынша,ru,numbered,да бесплатно,,,
R095_Q04,ru,Что такое бочка и почему все о нем говорят?,бочка это аудитория,needs_review,,FAQ0448,95,4,2024-10-24,University related/По университету/Университет бойынша,ru,numbered,бочка это аудитория,,,
R096_Q01,kk,Жатахана дүкеніндегі азық-түлік бағалары сырттағы азық-түлік дүкендеріне қарағанда қымбат екені распа? (рас болсы қаншалықты қымбат?),"Жоқ, жатахана дүкеніндегі азық-түлік бағалары университеттен тыс жердегі азық-түлік дүкендерімен шамалас.",needs_review,"Проверить актуальность чисел, сроков, стоимости или должностей.",FAQ0449,96,1,2024-10-24,University related/По университету/Университет бойынша,kk,numbered,"Жоқ, жатахана дүкеніндегі азық-түлік бағалары университеттен тыс жердегі азық-түлік дүкендерімен шамалас.",,,
R096_Q02,kk,Ұлдар жатаханасындағы барбершоп қай уақыттарда жұмыс жасайды?,Барбершопқа 1 немесе 2 күн бұрын кешкі уақыттарға жазылып қою қажет.,needs_review,"Проверить актуальность чисел, сроков, стоимости или должностей.",FAQ0450,96,2,2024-10-24,University related/По университету/Университет бойынша,kk,numbered,Барбершопқа 1 немесе 2 күн бұрын кешкі уақыттарға жазылып қою қажет.,,,
R096_Q03,kk,ID картаны ұмытып немесе жоғалтып алған жағдайларда жатаханаға қалай кіреміз?,"ID картаңызды бөлмеде ұмытып кеткен жағдайда, бөлмедегі көршіліріңізден ID картаңызды алып келулерін сұрағыз. Ал жоғалтып алған жағдайда тәрбиешіңізге ескертуіңіз жөн.",needs_review,,FAQ0451,96,3,2024-10-24,University related/По университету/Университет бойынша,kk,numbered,"ID картаңызды бөлмеде ұмытып кеткен жағдайда, бөлмедегі көршіліріңізден ID картаңызды алып келулерін сұрағыз. Ал жоғалтып алған жағдайда тәрбиешіңізге ескертуіңіз жөн.",,,
R097_Q01,ru,"Для студентов после колледжа, каким образом будет проходить приравнивание предметов?","Подходите к Advising Desk и сканируете QR код, затем заполняете Google форму",needs_review,,FAQ0452,97,1,2024-10-24,University related/По университету/Университет бойынша,ru,numbered,"Подходите к Advising Desk и сканируете QR код, затем заполняете Google форму",,,
R097_Q02,ru,Как получить список для предметов которые можно закрыть приравниванием?,Обратитесь к эдвайзеру либо сходите в деканат,needs_review,,FAQ0453,97,2,2024-10-24,University related/По университету/Университет бойынша,ru,numbered,Обратитесь к эдвайзеру либо сходите в деканат,,,
R097_Q03,ru,Как получить список предметов которые можно закрыть курсами Coursera?,"Сходите в деканат, они должны прислать вам в почту всю информацию",needs_review,,FAQ0454,97,3,2024-10-24,University related/По университету/Университет бойынша,ru,numbered,"Сходите в деканат, они должны прислать вам в почту всю информацию",,,
R097_Q04,ru,Как и когда подается заявления для ректорского гранта?,Посмотрите через Academic Calendar либо уточните в Advising Desk,needs_review,"Проверить актуальность чисел, сроков, стоимости или должностей.",FAQ0455,97,4,2024-10-24,University related/По университету/Университет бойынша,ru,numbered,Посмотрите через Academic Calendar либо уточните в Advising Desk,,,
R098_Q01,kk,Заттарымды жоғалтып алсам жоғалған заттар жиналатын жер бар ма?,Lost and Found телеграм парақшасына жүгініңіз.,needs_review,,FAQ0456,98,1,2024-10-24,University related/По университету/Университет бойынша,kk,numbered,Lost and Found телеграм парақшасына жүгініңіз.,,,
R098_Q02,kk,Айди картамды жоғалтып алсам жаңасын жасау үшін қайда барамын?,Student desk ке барыңыз.,needs_review,,FAQ0457,98,2,2024-10-24,University related/По университету/Университет бойынша,kk,numbered,Student desk ке барыңыз.,,,
R098_Q03,kk,"Асхана,маркет қанша уақыт жұмыс істейді?",Кешкі 8/9 уақытында.,needs_review,"Проверить актуальность чисел, сроков, стоимости или должностей.",FAQ0458,98,3,2024-10-24,University related/По университету/Университет бойынша,kk,numbered,Кешкі 8/9 уақытында.,,,
R098_Q04,kk,Степендиялық картаны белгілі бір себептермен мерзімнен кейін алсам қайда барамын?,Student desk ке жүгіңіз.,needs_review,,FAQ0459,98,4,2024-10-24,University related/По университету/Университет бойынша,kk,numbered,Student desk ке жүгіңіз.,,,
R098_Q05,kk,Степендиялық картаны жоғалтып алсам қайда жүгінемін?,Halyk Bank офисына жүгініңіз.,needs_review,,FAQ0460,98,5,2024-10-24,University related/По университету/Университет бойынша,kk,numbered,Halyk Bank офисына жүгініңіз.,,,
R098_Q06,kk,Withdraw course ты қандай жағдайда жасау керек?,Егер сіздің курсты сәтті бітіруіңізге сенімсіз болсаңыз.,needs_review,,FAQ0461,98,6,2024-10-24,University related/По университету/Университет бойынша,kk,numbered,Егер сіздің курсты сәтті бітіруіңізге сенімсіз болсаңыз.,,,
R098_Q07,kk,Бірінші семестрден соң немесе бірінші курстан соң басқа бағытқа қалай ауысуға болады?,Университеттегі студенттерге көмек беруші жұмысшыларға жүгініңіз.,needs_review,,FAQ0462,98,7,2024-10-24,University related/По университету/Университет бойынша,kk,numbered,Университеттегі студенттерге көмек беруші жұмысшыларға жүгініңіз.,,,
R099_Q01,en,"What housing options are available, and what are the living conditions like for first-year students?",we have telegram bot SDU[housing] and you can find a lot of options with a good price and accessible location,needs_review,"Проверить актуальность чисел, сроков, стоимости или должностей.",FAQ0463,99,1,2024-10-25,University related/По университету/Университет бойынша,en,numbered,we have telegram bot SDU[housing] and you can find a lot of options with a good price and accessible location,,,
R099_Q02,en,"How convenient is it to access the campus, and what transportation options are available?","we only have 2 options sadly and because SDU located in kaskelen ,its pretty hard and tedious to get here.
if you are the 1st year student,i really recommend the campus option,because its comfortable and you dont have to do household chores.",needs_review,"Проверить актуальность чисел, сроков, стоимости или должностей.",FAQ0464,99,2,2024-10-25,University related/По университету/Университет бойынша,en,numbered,"we only have 2 options sadly and because SDU located in kaskelen ,its pretty hard and tedious to get here.
if you are the 1st year student,i really recommend the campus option,because its comfortable and you dont have to do household chores.",,,
R100_Q01,kk,Final деген не? Неге барлығы Final-дан қорқады?,"Final - қортынды бағаға өзінің әсерін
қатты тигізетін қорытынды сұрақ. Final 40
баллды құрайды(Жалпы 100 балл).
Сондықтан Final-ға дайындықты ертерек
бастап, оған ерекше дауапкершілікпен
қараған жөн.",needs_review,"Проверить актуальность чисел, сроков, стоимости или должностей.",FAQ0465,100,1,2024-10-25,Dormitory related/По общежитию/Жатақхана бойынша,kk,numbered,"Final - қортынды бағаға өзінің әсерін
қатты тигізетін қорытынды сұрақ. Final 40
баллды құрайды(Жалпы 100 балл).
Сондықтан Final-ға дайындықты ертерек
бастап, оған ерекше дауапкершілікпен
қараған жөн.",,,
R100_Q02,kk,4 GPA-ға жету мүмкін бе?,"Өмірде барлығы да мүмкін! Бірақ 4 gpa ға
жету үшін көп еңбек және табандылық
қажет болады. Барлық тапсырмаларды
кейінге қалдырмай уақытында істеп жүріп,
қосымша ақпараттар көп іздеп, сабаққа
дұрыс дайындалсаң 4 gpa ға қол жеткізуіңе
болады)",needs_review,"Проверить актуальность чисел, сроков, стоимости или должностей.",FAQ0466,100,2,2024-10-25,Dormitory related/По общежитию/Жатақхана бойынша,kk,numbered,"Өмірде барлығы да мүмкін! Бірақ 4 gpa ға
жету үшін көп еңбек және табандылық
қажет болады. Барлық тапсырмаларды
кейінге қалдырмай уақытында істеп жүріп,
қосымша ақпараттар көп іздеп, сабаққа
дұрыс дайындалсаң 4 gpa ға қол жеткізуіңе
болады)",,,
R100_Q03,kk,Final-ға қай уақыттан бастап дайындалу қажет?,"Final - өте маңызды сынақтардың бірі.
Final басталмай жатып, 1-2ай бұрын
дайыдықты бастауды жөн деп санаймын.
Себебі бір семестр бойы өткен дүниелерді
қайталау айтарлықтай көп уақытты талап
етеді.",needs_review,"Проверить актуальность чисел, сроков, стоимости или должностей.",FAQ0467,100,3,2024-10-25,Dormitory related/По общежитию/Жатақхана бойынша,kk,numbered,"Final - өте маңызды сынақтардың бірі.
Final басталмай жатып, 1-2ай бұрын
дайыдықты бастауды жөн деп санаймын.
Себебі бір семестр бойы өткен дүниелерді
қайталау айтарлықтай көп уақытты талап
етеді.",,,
R100_Q04,kk,Welcome party деген не?,"Welcome party - оқу жылындағы ең үлкен
іс шара. Басқа универлердегі бірінші курс
студенттеріне арналған посвещение SDU
университетінде Welcome party деп
аталады.",needs_review,,FAQ0468,100,4,2024-10-25,Dormitory related/По общежитию/Жатақхана бойынша,kk,numbered,"Welcome party - оқу жылындағы ең үлкен
іс шара. Басқа универлердегі бірінші курс
студенттеріне арналған посвещение SDU
университетінде Welcome party деп
аталады.",,,
R100_Q05,kk,Welcome party қаншалықты қызықты болады?,"Жыылдың ең маңызды шарасы
болғандықтан Welcome party өте жоғарғы
деңгейде өтеді. Бұл шарада
университетіміздің төрт факультеті сынға
түсіп, жылдың ең үздік факультеті
анықталады. Сонвмен қатар Welcome party-
ға жыл сайын жыл сайын бірнеше
хэдлайнерлер келеді. Мысалы 2024 жылы
хэдлайнер болып belucci және Айқын
Төлепберген келді, ал 2023 жылы Орда
тобы келген болатын.",needs_review,"Проверить актуальность чисел, сроков, стоимости или должностей.",FAQ0469,100,5,2024-10-25,Dormitory related/По общежитию/Жатақхана бойынша,kk,numbered,"Жыылдың ең маңызды шарасы
болғандықтан Welcome party өте жоғарғы
деңгейде өтеді. Бұл шарада
университетіміздің төрт факультеті сынға
түсіп, жылдың ең үздік факультеті
анықталады. Сонвмен қатар Welcome party-
ға жыл сайын жыл сайын бірнеше
хэдлайнерлер келеді. Мысалы 2024 жылы
хэдлайнер болып belucci және Айқын
Төлепберген келді, ал 2023 жылы Орда
тобы келген болатын.",,,
R100_Q06,kk,"Өзіме ортаны, жақын достарды қайдан тапсам болады?","Егер де өзіңнің әрдайым жаныңда
болатын жақын орта таба алмасаң, әртүрлі
клабтарға жазылсаң болады. Әр оқу
жылының басында SDU fest іс шарасы
өтеді. Осы іс шара барысында
университетіміздегі барлық клабтар
өздерін таныстыратын болады. Клабтарға
кіру арқылы өз уақытыңды қызықты
қылып өткізуге болады) Сонымен қатар
қыркүйек айында әр факултетте Welcome
party-ға өнер көрсететін студенттерге отбор
болады. Осы отборға бару да өзіңе күшті
орта табуға үлкен бір мүмкіндік)",needs_review,,FAQ0470,100,6,2024-10-25,Dormitory related/По общежитию/Жатақхана бойынша,kk,numbered,"Егер де өзіңнің әрдайым жаныңда
болатын жақын орта таба алмасаң, әртүрлі
клабтарға жазылсаң болады. Әр оқу
жылының басында SDU fest іс шарасы
өтеді. Осы іс шара барысында
университетіміздегі барлық клабтар
өздерін таныстыратын болады. Клабтарға
кіру арқылы өз уақытыңды қызықты
қылып өткізуге болады) Сонымен қатар
қыркүйек айында әр факултетте Welcome
party-ға өнер көрсететін студенттерге отбор
болады. Осы отборға бару да өзіңе күшті
орта табуға үлкен бір мүмкіндік)",,,
R100_Q07,kk,Қандай клабтарға жазылған дұрыс?,"SDU-да әртүрлі бағыттағы, өте қызықты
клабтар өте көп. SDU fest-ке қатысып,
өзіңнің дүрегін қалаған клабқа жазылсаң
болады) (кейбір клабтар отбормен
алатындығын ескер)",needs_review,,FAQ0471,100,7,2024-10-25,Dormitory related/По общежитию/Жатақхана бойынша,kk,numbered,"SDU-да әртүрлі бағыттағы, өте қызықты
клабтар өте көп. SDU fest-ке қатысып,
өзіңнің дүрегін қалаған клабқа жазылсаң
болады) (кейбір клабтар отбормен
алатындығын ескер)",,,
R101_Q01,ru,Как студента платного отделение получить грант если это возможно?,Благодаря сторонам компанием,needs_review,,FAQ0472,101,1,2024-10-26,Both of them,ru,numbered,Благодаря сторонам компанием,,,
R101_Q02,ru,Можно ли играть футбол на футбольном поле если нету разрешение?,скорее всего нет,content_review,"Неуверенность, предположение или отсутствие подтверждения в исходном ответе.",FAQ0473,101,2,2024-10-26,Both of them,ru,numbered,скорее всего нет,,,
R101_Q03,ru,Где получить разрешение на футбольное поле ?,незнаю,needs_review,Краткий ответ: использовать вместе с вопросом.,FAQ0474,101,3,2024-10-26,Both of them,ru,numbered,незнаю,,,
R101_Q04,ru,Что если в комнате в общаге живешь один?,сказать об этом ресепшене,needs_review,,FAQ0475,101,4,2024-10-26,Both of them,ru,numbered,сказать об этом ресепшене,,,
R101_Q05,ru,Можно ли закрыть предмет английского если сдал IELTS в ноябре?,да,needs_review,Краткий ответ: использовать вместе с вопросом. Сверить условия IELTS: в наборе есть разные трактовки освобождения от английского.,FAQ0476,101,5,2024-10-26,Both of them,ru,numbered,да,,,
R101_Q06,ru,Что если сломал имущества университета?,сообщить об этом,needs_review,,FAQ0477,101,6,2024-10-26,Both of them,ru,numbered,сообщить об этом,,,
R101_Q07,ru,Можно ли получить у университета фин помощь если у тебя фин проблемы?,да наверное,needs_review,Краткий ответ: использовать вместе с вопросом.,FAQ0478,101,7,2024-10-26,Both of them,ru,numbered,да наверное,,,
R101_Q08,ru,Что если видел как другой студент списывает?,ничего,needs_review,Краткий ответ: использовать вместе с вопросом.,FAQ0479,101,8,2024-10-26,Both of them,ru,numbered,ничего,,,
R101_Q09,ru,Можно ли поступить в другой уник за границей если до сих пор учишься в СДУ?,да,needs_review,Краткий ответ: использовать вместе с вопросом.,FAQ0480,101,9,2024-10-26,Both of them,ru,numbered,да,,,
R101_Q10,ru,Почему нельзя некоторые предметы сделать необязательным для диплома?,из за нужных навыков,needs_review,,FAQ0481,101,10,2024-10-26,Both of them,ru,numbered,из за нужных навыков,,,
R102_Q01,kk,"Дорм әжетханаларын гигиеналық заттарды (сабын, дәретхана қағазы) ұсынады ма, әлде жеке студент жауапкершілігінде ма?",Дормдағы қызметкерлерден сұрастырып біле аласыз,needs_review,,FAQ0482,102,1,2024-10-26,Dormitory related/По общежитию/Жатақхана бойынша,kk,numbered,Дормдағы қызметкерлерден сұрастырып біле аласыз,,,
R102_Q02,kk,Киім жуу мәселесі қалай болады?,Дормдағы қызметкерлерден сұрастырып біле аласыз,needs_review,,FAQ0483,102,2,2024-10-26,Dormitory related/По общежитию/Жатақхана бойынша,kk,numbered,Дормдағы қызметкерлерден сұрастырып біле аласыз,,,
R102_Q03,kk,"Ассистенттер кімдер (студент па, әлде жоқ)?","СДУ-да мұғалім ұнамаса,оны ауыстыруға болады ма?",needs_review,,FAQ0484,102,3,2024-10-26,Dormitory related/По общежитию/Жатақхана бойынша,kk,numbered,"СДУ-да мұғалім ұнамаса,оны ауыстыруға болады ма?",,,
R102_Q04,kk,Мед.көмек керек болған жағдайда қандай әрекет жасаймын?,Университетте Жанұя мединциналық центіріне жүгіне аласыз,needs_review,,FAQ0485,102,4,2024-10-26,Dormitory related/По общежитию/Жатақхана бойынша,kk,numbered,Университетте Жанұя мединциналық центіріне жүгіне аласыз,,,
R102_Q05,kk,Дәріс бөлмедегі орындар саны қабат студенттеріне жеткілікті ме?,иа әрине,needs_review,Краткий ответ: использовать вместе с вопросом.,FAQ0486,102,5,2024-10-26,Dormitory related/По общежитию/Жатақхана бойынша,kk,numbered,иа әрине,,,
R102_Q06,kk,Бөлме немесе тарафты ауыстыруға болады ма?,иа әрине Дормдағы қызметкерлерден сұрастырып біле аласыз,needs_review,,FAQ0487,102,6,2024-10-26,Dormitory related/По общежитию/Жатақхана бойынша,kk,numbered,иа әрине Дормдағы қызметкерлерден сұрастырып біле аласыз,,,
R102_Q07,kk,Сабақ бойынша кімнен көмек сұрауға болады?,Эдвайзерден немесе сол сабақтан беретін мұғалім нен,needs_review,,FAQ0488,102,7,2024-10-26,Dormitory related/По общежитию/Жатақхана бойынша,kk,numbered,Эдвайзерден немесе сол сабақтан беретін мұғалім нен,,,
R102_Q08,kk,GYM да тренер болады ма?,иа,needs_review,Краткий ответ: использовать вместе с вопросом. Сверить конкретный зал и платность доступа: ответы различаются.,FAQ0489,102,8,2024-10-26,Dormitory related/По общежитию/Жатақхана бойынша,ru,numbered,иа,,,
R102_Q09,kk,"GYM да тренажер саны жеткілікті ме, сапасы қаншалықты жақсы?","иа болады, сапасы жақсы өзіңіз барып тексере аласыз",needs_review,Сверить конкретный зал и платность доступа: ответы различаются.,FAQ0490,102,9,2024-10-26,Dormitory related/По общежитию/Жатақхана бойынша,kk,numbered,"иа болады, сапасы жақсы өзіңіз барып тексере аласыз",,,
R102_Q10,kk,GYM ға төлем қалай жасалады?,QR арқылы,needs_review,Краткий ответ: использовать вместе с вопросом. Сверить конкретный зал и платность доступа: ответы различаются.,FAQ0491,102,10,2024-10-26,Dormitory related/По общежитию/Жатақхана бойынша,kk,numbered,QR арқылы,,,
R102_Q11,kk,Бір бөлмеде кіммен жататынымды қалай білсем болады?,Дормдағы қызметкерлерден сұрастырып біле аласыз,needs_review,,FAQ0492,102,11,2024-10-26,Dormitory related/По общежитию/Жатақхана бойынша,kk,numbered,Дормдағы қызметкерлерден сұрастырып біле аласыз,,,
R103_Q01,en,What are the library opening hours?,"Library works 8:30–20:30 Mon–Fri, 8:30–17:30 Saturday",needs_review,"Проверить актуальность чисел, сроков, стоимости или должностей.",FAQ0493,103,1,2024-10-26,both,en,numbered,"Library works 8:30–20:30 Mon–Fri, 8:30–17:30 Saturday",,,
R103_Q02,en,Where can I study by myself at the university?,"You can study in the Library (including the -1 floor), the Study Rooms in the dorm",needs_review,"Проверить актуальность чисел, сроков, стоимости или должностей.",FAQ0494,103,2,2024-10-26,both,en,numbered,"You can study in the Library (including the -1 floor), the Study Rooms in the dorm",,,
R103_Q03,en,Do I have to pay student fees every year?,"The one-time 45,000 tg fee is paid once at enrollment, not every year — but tuition/dorm fees are billed yearly",needs_review,"Проверить актуальность чисел, сроков, стоимости или должностей.",FAQ0495,103,3,2024-10-26,both,en,numbered,"The one-time 45,000 tg fee is paid once at enrollment, not every year — but tuition/dorm fees are billed yearly",,,
R103_Q04,en,What is a welcome party and how to participate in it?,"Welcome Party is the biggest event of the year — a ""freshman induction"" where all faculties compete, with performances and a headliner artist.",needs_review,,FAQ0496,103,4,2024-10-26,both,en,numbered,"Welcome Party is the biggest event of the year — a ""freshman induction"" where all faculties compete, with performances and a headliner artist.",,,
R103_Q05,en,"What are office hours and do all teachers have them?

dormitary related:","No, office hours are not mandatory, but attending is recommended if you have questions.",needs_review,"Проверить актуальность чисел, сроков, стоимости или должностей.",FAQ0497,103,5,2024-10-26,both,en,numbered,"No, office hours are not mandatory, but attending is recommended if you have questions.",,,
R103_Q06,en,Where can I order delivery if I live in the dormitary?,"You can order delivery (Glovo/Wolt/Yandex), but couriers usually can't enter the dorm — you pick the order up at the reception/gate.",needs_review,,FAQ0498,103,6,2024-10-26,both,en,numbered,"You can order delivery (Glovo/Wolt/Yandex), but couriers usually can't enter the dorm — you pick the order up at the reception/gate.",,,
R104_Q01,en,Is it possible to decorate a dorm room?,"Yes, you can decorate your room by gluing stickers for New Year or for Halloween",needs_review,,FAQ0499,104,1,2024-10-26,University related/По университету/Университет бойынша,en,numbered,"Yes, you can decorate your room by gluing stickers for New Year or for Halloween",,,
R104_Q02,en,Is it possible to use the university's internet for games?,No you cant.But some games with own launchers works with SDU wifi,needs_review,,FAQ0500,104,2,2024-10-26,University related/По университету/Университет бойынша,en,numbered,No you cant.But some games with own launchers works with SDU wifi,,,
R104_Q03,en,Is there heating in the hostel?,Yes,needs_review,Краткий ответ: использовать вместе с вопросом.,FAQ0501,104,3,2024-10-26,University related/По университету/Университет бойынша,en,numbered,Yes,,,
R105_Q01,kk,СДУ-да шетелдік балалар оқиды ма?,"Иә, СДУ-да шетелдік студенттер оқиды.",needs_review,,FAQ0502,105,1,2024-10-26,University related/По университету/Университет бойынша,kk,numbered,"Иә, СДУ-да шетелдік студенттер оқиды.",,,
R105_Q02,kk,Қандастарға қандай жеңілдіктер көрсетілген?,Қандастарға (оралмандарға) мемлекеттік квота аясында гранттар мен жеңілдіктер қарастырылған — нақты шарттарын Қабылдау комиссиясынан нақтылаған жөн.,needs_review,,FAQ0503,105,2,2024-10-26,University related/По университету/Университет бойынша,kk,numbered,Қандастарға (оралмандарға) мемлекеттік квота аясында гранттар мен жеңілдіктер қарастырылған — нақты шарттарын Қабылдау комиссиясынан нақтылаған жөн.,,,
R105_Q03,kk,"СДУ-да мұғалім ұнамаса,оны ауыстыруға болады ма?","Мұғалімді толығымен ауыстыру қиын, бірақ Add/Drop кезеңінде басқа топқа/мұғалімге ауысуға болады.",needs_review,,FAQ0504,105,3,2024-10-26,University related/По университету/Университет бойынша,kk,numbered,"Мұғалімді толығымен ауыстыру қиын, бірақ Add/Drop кезеңінде басқа топқа/мұғалімге ауысуға болады.",,,
R105_Q04,kk,"СДУ-дың Сулеймен Демираль деген атын алып тастады ,енді түрік тілін универде оқытпайды ма","Жоқ, атауы өзгергенімен түрік тілі оқу бағдарламасында әлі де оқытылады.",needs_review,,FAQ0505,105,4,2024-10-26,University related/По университету/Университет бойынша,kk,numbered,"Жоқ, атауы өзгергенімен түрік тілі оқу бағдарламасында әлі де оқытылады.",,,
R105_Q05,kk,СДУ дипломы арқылы жұмысқа тезірек кіре аламын ба?,"Тікелей кепілдік жоқ, бірақ СДУ дипломы мен Zhas Maman, Beta Career бағдарламалары жұмысқа орналасуды жеңілдетеді.",needs_review,,FAQ0506,105,5,2024-10-26,University related/По университету/Университет бойынша,kk,numbered,"Тікелей кепілдік жоқ, бірақ СДУ дипломы мен Zhas Maman, Beta Career бағдарламалары жұмысқа орналасуды жеңілдетеді.",,,
R105_Q06,kk,СДу общягасында таңғы ас болады ма?,"Жоқ, жатақханада тек кешкі ас (ужин) қарастырылған, таңғы ас университет асханасында беріледі.",needs_review,,FAQ0507,105,6,2024-10-26,University related/По университету/Университет бойынша,kk,numbered,"Жоқ, жатақханада тек кешкі ас (ужин) қарастырылған, таңғы ас университет асханасында беріледі.",,,
R105_Q07,kk,СДУ дың миссиясы қандай?,СДУ миссиясы — халықаралық стандартқа сай білім беру арқылы бәсекеге қабілетті мамандар дайындау.,needs_review,,FAQ0508,105,7,2024-10-26,University related/По университету/Университет бойынша,kk,numbered,СДУ миссиясы — халықаралық стандартқа сай білім беру арқылы бәсекеге қабілетті мамандар дайындау.,,,
R105_Q08,kk,СДУ студенттерге қандай құндылықтарды дәріптейді?,"Білім сапасы, көптілділік, толеранттылық және студент белсенділігі сияқты құндылықтар дәріптеледі.",needs_review,,FAQ0509,105,8,2024-10-26,University related/По университету/Университет бойынша,kk,numbered,"Білім сапасы, көптілділік, толеранттылық және студент белсенділігі сияқты құндылықтар дәріптеледі.",,,
R105_Q09,kk,СДУ Қазақстандағы жастардың біліміне қосатын үлесі қандай?,СДУ Қазақстанда халықаралық үлгідегі жоғары білім берудің дамуына үлес қосады.,needs_review,,FAQ0510,105,9,2024-10-26,University related/По университету/Университет бойынша,kk,numbered,СДУ Қазақстанда халықаралық үлгідегі жоғары білім берудің дамуына үлес қосады.,,,
R105_Q10,kk,СДУ-да басқа мекен жайда құрылу жоспары бар ма?,Ресми жарияланған жоспар жоқ.,needs_review,,FAQ0511,105,10,2024-10-26,University related/По университету/Университет бойынша,kk,numbered,Ресми жарияланған жоспар жоқ.,,,
R105_Q11,kk,СДУ-ды бітірген жас мамандардың қанша пайызы өз мамандығы бойынша жұмысқа орналаса алады?,Нақты пайыздық статистика жарияланбаған.,needs_review,"Проверить актуальность чисел, сроков, стоимости или должностей.",FAQ0512,105,11,2024-10-26,University related/По университету/Университет бойынша,kk,numbered,Нақты пайыздық статистика жарияланбаған.,,,
R105_Q12,kk,СДУ-дың ашылу тарихы қандай?,СДУ 1996 жылы Түркия мен Қазақстанның бірлескен жобасы ретінде негізі қаланды.,needs_review,"Проверить актуальность чисел, сроков, стоимости или должностей.",FAQ0513,105,12,2024-10-26,University related/По университету/Университет бойынша,kk,numbered,СДУ 1996 жылы Түркия мен Қазақстанның бірлескен жобасы ретінде негізі қаланды.,,,
R105_Q13,kk,СДУ қай жылы құрылды?,1996 жылы құрылды.,needs_review,"Проверить актуальность чисел, сроков, стоимости или должностей.",FAQ0514,105,13,2024-10-26,University related/По университету/Университет бойынша,kk,numbered,1996 жылы құрылды.,,,
R105_Q14,kk,"СДУ-да неге жаңа жыл болмайды?""","СДУ негізін қалаушылардың түрік мәдени дәстүрлеріне байланысты (Түркияда Жаңа жыл кеңінен тойланбайды), сол ықпалдың сақталуы мүмкін — ресми түсініктеме жарияланбаған.",needs_review,"Проверить актуальность чисел, сроков, стоимости или должностей.",FAQ0515,105,14,2024-10-26,University related/По университету/Университет бойынша,kk,numbered,"СДУ негізін қалаушылардың түрік мәдени дәстүрлеріне байланысты (Түркияда Жаңа жыл кеңінен тойланбайды), сол ықпалдың сақталуы мүмкін — ресми түсініктеме жарияланбаған.",,,
R106_Q01,en,"How can I participate in university-led research projects, and are there any specific programs for undergraduates?",Contact the SDU Research Office or Techno Park — they run research/project opportunities for undergraduates.,needs_review,,FAQ0516,106,1,2024-10-27,About the university and dormitory ,en,numbered,Contact the SDU Research Office or Techno Park — they run research/project opportunities for undergraduates.,,,
R106_Q02,en,"What is the process for applying to student exchange programs, and what are the eligibility requirements?",Apply through the International Relations Office; requirements usually include a minimum GPA and no active retakes.,needs_review,,FAQ0517,106,2,2024-10-27,About the university and dormitory ,en,numbered,Apply through the International Relations Office; requirements usually include a minimum GPA and no active retakes.,,,
R106_Q03,en,Does the university offer any workshops or courses on entrepreneurship and starting a business?,Yes — Techno Park and the Beta Career program run entrepreneurship-related workshops.,needs_review,,FAQ0518,106,3,2024-10-27,About the university and dormitory ,en,numbered,Yes — Techno Park and the Beta Career program run entrepreneurship-related workshops.,,,
R106_Q04,en,Are there any environmental or sustainability initiatives at the university that students can join or support?,"SDU doesn't publicly list a dedicated environmental club, but student clubs occasionally run eco-initiatives — check @sdukz Instagram.",needs_review,,FAQ0519,106,4,2024-10-27,About the university and dormitory ,en,numbered,"SDU doesn't publicly list a dedicated environmental club, but student clubs occasionally run eco-initiatives — check @sdukz Instagram.",,,
R106_Q05,en,How can I apply to become a resident assistant (RA) in the dormitories?,Contact the Dormitory Administration; RA (Aby/Abla) positions are usually offered to senior students by the dorm staff.,needs_review,,FAQ0520,106,5,2024-10-27,About the university and dormitory ,en,numbered,Contact the Dormitory Administration; RA (Aby/Abla) positions are usually offered to senior students by the dorm staff.,,,
R106_Q06,en,Are there any language exchange programs available for students wanting to improve their foreign language skills?,"Language clubs (English, Turkish, etc.) run informal exchange practice — check the clubs list on @sdukz.",needs_review,,FAQ0521,106,6,2024-10-27,About the university and dormitory ,en,numbered,"Language clubs (English, Turkish, etc.) run informal exchange practice — check the clubs list on @sdukz.",,,
R107_Q01,kk,Music/dance және т.б клубтарда 0ден бастап үйрете ма?,"жоқ,көптеген клубтар сіздің қабілеттеріңізлі әрі қарай шыңдауға бағытталған,клубтарға кірмес бұрын кастингтен өту қажет.",needs_review,"Проверить актуальность чисел, сроков, стоимости или должностей.",FAQ0522,107,1,2024-10-27,University related/По университету/Университет бойынша,kk,numbered,"жоқ,көптеген клубтар сіздің қабілеттеріңізлі әрі қарай шыңдауға бағытталған,клубтарға кірмес бұрын кастингтен өту қажет.",,,
R107_Q02,kk,Office hours бару міндетті ма?,"Жоқ,бірақ кеңес беріледі",needs_review,"Проверить актуальность чисел, сроков, стоимости или должностей.",FAQ0523,107,2,2024-10-27,University related/По университету/Университет бойынша,kk,numbered,"Жоқ,бірақ кеңес беріледі",,,
R107_Q03,kk,Универде болатын алғашқы іс-шараларға қатысуға кеңес бересізбе?,иә,needs_review,Краткий ответ: использовать вместе с вопросом.,FAQ0524,107,3,2024-10-27,University related/По университету/Университет бойынша,kk,numbered,иә,,,
R107_Q04,kk,Дене шынықтыру таңдау жасарда қай мұғалім қайсысынан сабақ беретінін қалай білсем болады?,"Салтанат Нұрғалиева-фитнес қыздар
Сыдықов Данияр-волейбол
Мухаммедов Багдаулет-баскетбол
Машуров Фархат-футбол
Майшықов Өмірбек-шахмат
Абдрахманов Маулен-фитнес ұлдар",needs_review,,FAQ0525,107,4,2024-10-27,University related/По университету/Университет бойынша,kk,numbered,"Салтанат Нұрғалиева-фитнес қыздар
Сыдықов Данияр-волейбол
Мухаммедов Багдаулет-баскетбол
Машуров Фархат-футбол
Майшықов Өмірбек-шахмат
Абдрахманов Маулен-фитнес ұлдар",,,
R107_Q05,kk,Универдің wi-fi қалай қосыламыз?,айди және бастапқы универ берген порталдың парольі арқылы,needs_review,,FAQ0526,107,5,2024-10-27,University related/По университету/Университет бойынша,kk,numbered,айди және бастапқы универ берген порталдың парольі арқылы,,,
R107_Q06,kk,Расписание құрғанда универге келу міндетті ма?,"Жоқ,бастысы интернет жақсы ұстайтын жер болса болды",needs_review,,FAQ0527,107,6,2024-10-27,University related/По университету/Университет бойынша,kk,numbered,"Жоқ,бастысы интернет жақсы ұстайтын жер болса болды",,,
R107_Q07,kk,Универде қай жерде сабақ қараған ыңғайлы?,"Кітапханаларда,3ші этажда",needs_review,"Проверить актуальность чисел, сроков, стоимости или должностей.",FAQ0528,107,7,2024-10-27,University related/По университету/Университет бойынша,kk,numbered,"Кітапханаларда,3ші этажда",,,
R107_Q08,kk,"Универде машиналар шығып кіретін жерден кіріп,шығуға бола ма?","жоқ,ұрсады.Ерініп мына жақтан сиямын деп өту қажет емес",needs_review,,FAQ0529,107,8,2024-10-27,University related/По университету/Университет бойынша,kk,numbered,"жоқ,ұрсады.Ерініп мына жақтан сиямын деп өту қажет емес",,,
R107_Q09,kk,кофте деген не?,ет қуырып жисің,needs_review,Краткий ответ: использовать вместе с вопросом.,FAQ0530,107,9,2024-10-27,University related/По университету/Университет бойынша,kk,numbered,ет қуырып жисің,,,
R108_Q01,kk,SDS болып басқа мамандықтың сабағын таңдай аламынба?(мысалға физика),"Иә, электив ретінде басқа мамандықтың пәнін таңдауға болады, бірақ ол сіздің оқу жоспарыңызда (curriculum) қарастырылған болуы керек — эдвайзермен келісіңіз.",needs_review,,FAQ0531,108,1,2024-10-27,University related/По университету/Университет бойынша,kk,numbered,"Иә, электив ретінде басқа мамандықтың пәнін таңдауға болады, бірақ ол сіздің оқу жоспарыңызда (curriculum) қарастырылған болуы керек — эдвайзермен келісіңіз.",,,
R108_Q02,kk,"Неге мудлға quiz, midterm бағалары кеш шығады?",Бағалар мұғалімнің тексеру уақытына және деканаттың бекіту процесіне байланысты кешігуі мүмкін — нақты себебі әр пән бойынша әртүрлі.,needs_review,"Проверить актуальность чисел, сроков, стоимости или должностей.",FAQ0532,108,2,2024-10-27,University related/По университету/Университет бойынша,kk,numbered,Бағалар мұғалімнің тексеру уақытына және деканаттың бекіту процесіне байланысты кешігуі мүмкін — нақты себебі әр пән бойынша әртүрлі.,,,
R108_Q03,kk,"2ші семестірде Ағылшын курсын төлемей, семестр аяғында IELTS тапсырсам курсты жауып берема?","Иә, семестр соңында IELTS тапсырып, қажетті балл жинасаңыз, ағылшын курсын жабуға болады (нақты балл шегін эдвайзерден/деканаттан нақтылаңыз).",needs_review,"Проверить актуальность чисел, сроков, стоимости или должностей. Сверить условия IELTS: в наборе есть разные трактовки освобождения от английского.",FAQ0533,108,3,2024-10-27,University related/По университету/Университет бойынша,kk,numbered,"Иә, семестр соңында IELTS тапсырып, қажетті балл жинасаңыз, ағылшын курсын жабуға болады (нақты балл шегін эдвайзерден/деканаттан нақтылаңыз).",,,
R108_Q04,kk,"Жаңадан салынып жатқан ""I болк""та қандай сабақтар оқытылады?",Нақты ақпарат жарияланбаған — I блоктың мамандандыруы туралы деканаттан немесе SDU ресми хабарламаларынан біле аласыз.,needs_review,"Проверить актуальность чисел, сроков, стоимости или должностей.",FAQ0534,108,4,2024-10-27,University related/По университету/Университет бойынша,kk,numbered,Нақты ақпарат жарияланбаған — I блоктың мамандандыруы туралы деканаттан немесе SDU ресми хабарламаларынан біле аласыз.,,,
R108_Q05,kk,"Ретейк алған жағдайда міндетті түрде жазда оқу қажет пе, әлде басқа семестрде жабуға болама?","Жоқ, міндетті емес — ретейкті жазда да, кейінгі сәйкес семестрде де жабуға болады.",needs_review,,FAQ0535,108,5,2024-10-27,University related/По университету/Университет бойынша,kk,numbered,"Жоқ, міндетті емес — ретейкті жазда да, кейінгі сәйкес семестрде де жабуға болады.",,,
R108_Q06,kk,"""SDU лицо"" сы болу үшін не істеу керек?","""SDU лицосы"" болу үшін оқу үлгерімі, белсенділік (клубтар, іс-шаралар) және университет беделіне сай мінез-құлық қажет — нақты критерийлерін Student Life-тан сұраған дұрыс.",needs_review,,FAQ0536,108,6,2024-10-27,University related/По университету/Университет бойынша,kk,numbered,"""SDU лицосы"" болу үшін оқу үлгерімі, белсенділік (клубтар, іс-шаралар) және университет беделіне сай мінез-құлық қажет — нақты критерийлерін Student Life-тан сұраған дұрыс.",,,
R108_Q07,kk,1ші 2ші курс студенттері өз мамандығы бойынша стажировка бастай алама?,"Иә, көбіне 1-2 курс студенттері де стажировкаға (мысалы Beta Career арқылы) қатыса алады, бірақ кейбір бағдарламалар жоғары курс талап етуі мүмкін.",needs_review,"Проверить актуальность чисел, сроков, стоимости или должностей.",FAQ0537,108,7,2024-10-27,University related/По университету/Университет бойынша,kk,numbered,"Иә, көбіне 1-2 курс студенттері де стажировкаға (мысалы Beta Career арқылы) қатыса алады, бірақ кейбір бағдарламалар жоғары курс талап етуі мүмкін.",,,
R109_Q01,kk,Университеттің ішінде әскери кафедра бар ма?,СДУ-да әскери кафедра жоқ.,needs_review,Фрагмент общего ответа сопоставлен по смыслу; проверить соответствие.,FAQ0538,109,1,2024-10-27,Әскери кафедра жайлы,kk,semantic_review,СДУ-да әскери кафедра жоқ.,,,
R109_Q02,kk,Әскери кафедраны қай универлерде оқуға болады?,Оны ҚазҰУ және Нархоз университетінде ақылы түрде оқуға болады.,needs_review,Фрагмент общего ответа сопоставлен по смыслу; проверить соответствие.,FAQ0539,109,2,2024-10-27,Әскери кафедра жайлы,kk,semantic_review,Оны ҚазҰУ және Нархоз университетінде ақылы түрде оқуға болады.,,,
R109_Q03,kk,Әскери кафедра нешінші курста басталады?,,missing_answer,Нет содержательного ответа на этот вопрос. Фрагмент общего ответа сопоставлен по смыслу; проверить соответствие.,FAQ0540,109,3,2024-10-27,Әскери кафедра жайлы,,semantic_review,,,,
R109_Q04,kk,Әскери кафедрада қандай оқулар бар?,Нархоз әскери кафедрасында офицерлік және сержанттық оқу бар.,needs_review,Фрагмент общего ответа сопоставлен по смыслу; проверить соответствие.,FAQ0541,109,4,2024-10-27,Әскери кафедра жайлы,kk,semantic_review,Нархоз әскери кафедрасында офицерлік және сержанттық оқу бар.,,,
R109_Q05,kk,Нархоз әскери кафедрасының семестрі қанша тенге?,Семестріне 225000 теңге.,needs_review,"Фрагмент общего ответа сопоставлен по смыслу; проверить соответствие. Проверить актуальность чисел, сроков, стоимости или должностей.",FAQ0542,109,5,2024-10-27,Әскери кафедра жайлы,kk,semantic_review,Семестріне 225000 теңге.,,,
R109_Q06,kk,Сду студенттері әскери кафедраны тегін оқи ала ма?,Жауапта ҚазҰУ және Нархоз университеттерінде ақылы оқу көрсетілген.,needs_review,Фрагмент общего ответа сопоставлен по смыслу; проверить соответствие.,FAQ0543,109,6,2024-10-27,Әскери кафедра жайлы,kk,semantic_review,Жауапта ҚазҰУ және Нархоз университеттерінде ақылы оқу көрсетілген.,,,
R109_Q07,kk,Егер университет белгілеген дене шынықтыру сынағынан өте алмасақ не істесек болады?,"Университет белгілеген нормативтерден өте алмасаңыз, екінші мүмкіндік берілмейді.",needs_review,Фрагмент общего ответа сопоставлен по смыслу; проверить соответствие.,FAQ0544,109,7,2024-10-27,Әскери кафедра жайлы,kk,semantic_review,"Университет белгілеген нормативтерден өте алмасаңыз, екінші мүмкіндік берілмейді.",,,
R109_Q08,kk,Психологиялық тесттен өте алмасақ екінші мүмкіндікке ие бола аламыз ба?,,missing_answer,Нет содержательного ответа на этот вопрос. Фрагмент общего ответа сопоставлен по смыслу; проверить соответствие.,FAQ0545,109,8,2024-10-27,Әскери кафедра жайлы,,semantic_review,,,,
R109_Q09,kk,Офицерлік оқу қанша жыл?,Офицерлік оқу екі жылға созылады.,needs_review,Фрагмент общего ответа сопоставлен по смыслу; проверить соответствие.,FAQ0546,109,9,2024-10-27,Әскери кафедра жайлы,kk,semantic_review,Офицерлік оқу екі жылға созылады.,,,
R109_Q10,kk,Сержанттық оқу қанша жыл?,Сержанттық оқу бір жылға созылады.,needs_review,Фрагмент общего ответа сопоставлен по смыслу; проверить соответствие.,FAQ0547,109,10,2024-10-27,Әскери кафедра жайлы,kk,semantic_review,Сержанттық оқу бір жылға созылады.,,,
R109_Q11,kk,Әскери кафедраға документ жинау қашан басталады?,,missing_answer,Нет содержательного ответа на этот вопрос. Фрагмент общего ответа сопоставлен по смыслу; проверить соответствие.,FAQ0548,109,11,2024-10-27,Әскери кафедра жайлы,,semantic_review,,,,
R110_Q01,kk,Клубтар туралы мәліметті қайдан алуға болады,Клубтар туралы ақпаратты @sdukz Instagram парақшасынан немесе жыл басындағы SDU Fest іс-шарасынан біле аласыз (сол жерде барлық клубтар өздерін таныстырады).,needs_review,,FAQ0549,110,1,2024-10-27,University related/По университету/Университет бойынша,kk,numbered,Клубтар туралы ақпаратты @sdukz Instagram парақшасынан немесе жыл басындағы SDU Fest іс-шарасынан біле аласыз (сол жерде барлық клубтар өздерін таныстырады).,,,
R111_Q01,ru,Что такое ECTS?,"ECTS — кредитная система, которой измеряется учебная нагрузка предмета.",needs_review,,FAQ0550,111,1,2024-10-27,Both,ru,numbered,"ECTS — кредитная система, которой измеряется учебная нагрузка предмета.",,,
R111_Q02,ru,Где находится D блок?,D блок расположен рядом с библиотекой; удобнее ориентироваться по карте в Telegram-группах.,needs_review,,FAQ0551,111,2,2024-10-27,Both,ru,numbered,D блок расположен рядом с библиотекой; удобнее ориентироваться по карте в Telegram-группах.,,,
R111_Q03,ru,Где находится кабинет G103?,"G103 — это 1 этаж G блока, кабинет №3.",needs_review,"Проверить актуальность чисел, сроков, стоимости или должностей.",FAQ0552,111,3,2024-10-27,Both,ru,numbered,"G103 — это 1 этаж G блока, кабинет №3.",,,
R111_Q04,ru,Сколько по обьему одежды можно положить стиральную машинку?,Одна загрузка стиральной машины обычно рассчитана примерно на 5–6 кг белья.,needs_review,"Проверить актуальность чисел, сроков, стоимости или должностей.",FAQ0553,111,4,2024-10-27,Both,ru,numbered,Одна загрузка стиральной машины обычно рассчитана примерно на 5–6 кг белья.,,,
R111_Q05,ru,Сколько по обьему можно положить одежды в машину для сушки?,Сушильная машина — примерно на такой же объём.,needs_review,,FAQ0554,111,5,2024-10-27,Both,ru,numbered,Сушильная машина — примерно на такой же объём.,,,
R111_Q06,ru,Можно ли заходить в комнаты общежития на первом этаже?,"Да, заходить в комнаты первого этажа можно.",needs_review,,FAQ0555,111,6,2024-10-27,Both,ru,numbered,"Да, заходить в комнаты первого этажа можно.",,,
R111_Q07,ru,На каком курсе учатся аби и абла?,Аби/абла — обычно студенты старших курсов (3–4 курс).,needs_review,"Проверить актуальность чисел, сроков, стоимости или должностей.",FAQ0556,111,7,2024-10-27,Both,ru,numbered,Аби/абла — обычно студенты старших курсов (3–4 курс).,,,
R111_Q08,ru,Где можно снять стипендию?,Снять стипендию можно в банкомате Halyk Bank.,needs_review,,FAQ0557,111,8,2024-10-27,Both,ru,numbered,Снять стипендию можно в банкомате Halyk Bank.,,,
R111_Q09,ru,Где взять кредитную карту для стипендии?,"Карту выдают через отделение Halyk Bank — сотрудник банка приезжает в университет по расписанию, присылаемому на почту.",needs_review,,FAQ0558,111,9,2024-10-27,Both,ru,numbered,"Карту выдают через отделение Halyk Bank — сотрудник банка приезжает в университет по расписанию, присылаемому на почту.",,,
R111_Q10,ru,Как продлить срок книги?,Продлить книгу можно через устройство самообслуживания в библиотеке.,needs_review,Сверить срок выдачи по типу книги; ответы различаются.,FAQ0559,111,10,2024-10-27,Both,ru,numbered,Продлить книгу можно через устройство самообслуживания в библиотеке.,,,
R111_Q11,ru,Где продлить срок книги?,Продлевать нужно в самой библиотеке.,needs_review,Сверить срок выдачи по типу книги; ответы различаются.,FAQ0560,111,11,2024-10-27,Both,ru,numbered,Продлевать нужно в самой библиотеке.,,,
R112_Q01,en,Can I get a job after graduating? Can the university get me a job? (Kind of like a job offer),"If you are a teacher, SDU can provide you with a job at their university, the program is called Zhas Maman, or government will be provide job.",needs_review,,FAQ0561,112,1,2024-10-28,University related/По университету/Университет бойынша,en,numbered,"If you are a teacher, SDU can provide you with a job at their university, the program is called Zhas Maman, or government will be provide job.",,,
R112_Q02,en,"What is this program at the university called ""Zhas Maman""?",The goal of Zhas Maman is to help young people gain in-demand skills to be competitive in the labor market. It gives jobs to young specialists who graduated from SDU.,needs_review,,FAQ0562,112,2,2024-10-28,University related/По университету/Университет бойынша,en,numbered,The goal of Zhas Maman is to help young people gain in-demand skills to be competitive in the labor market. It gives jobs to young specialists who graduated from SDU.,,,
R112_Q03,en,What if a student did not complete the subject by 50%?,"That will be a retake. The first option - it can be retrained in the summer
Second option - if you fail a subject in the first semester, you can re-teach it in the third.",needs_review,"Проверить актуальность чисел, сроков, стоимости или должностей.",FAQ0563,112,3,2024-10-28,University related/По университету/Университет бойынша,en,numbered,"That will be a retake. The first option - it can be retrained in the summer
Second option - if you fail a subject in the first semester, you can re-teach it in the third.",,,
R112_Q04,en,In what case will a student take English courses?,"When you submit documents to SDU, if you do not have IELTS, you must take a English test in which you must score 41 out of 54 points. If you don't get them, you'll be teaching the English course.",needs_review,"Проверить актуальность чисел, сроков, стоимости или должностей.",FAQ0564,112,4,2024-10-28,University related/По университету/Университет бойынша,en,numbered,"When you submit documents to SDU, if you do not have IELTS, you must take a English test in which you must score 41 out of 54 points. If you don't get them, you'll be teaching the English course.",,,
R112_Q05,en,How can I connect to SDU WiFi/SDU WiFi 5G?,Write your ID and password that was sent to you in Gmail.,needs_review,"Проверить актуальность чисел, сроков, стоимости или должностей.",FAQ0565,112,5,2024-10-28,University related/По университету/Университет бойынша,en,numbered,Write your ID and password that was sent to you in Gmail.,,,
R112_Q06,en,"Is it possible to change the specialty after the first semester, for example from Mathematics to Data Science?","Yes, sure. You should go to the dean, they will explain it to you.",needs_review,,FAQ0566,112,6,2024-10-28,University related/По университету/Университет бойынша,en,numbered,"Yes, sure. You should go to the dean, they will explain it to you.",,,
R112_Q07,en,How to fill out enroll?,"You can fill out the forms according to the structure (the structure is available on the enrollment website, and each year volunteers create a Telegram-chat to stay in touch and assist applicants). Or you can complete the forms in advance before submitting your documents, or during the submission process. SDU assistants will also be available to help you fill them out.",needs_review,,FAQ0567,112,7,2024-10-28,University related/По университету/Университет бойынша,en,numbered,"You can fill out the forms according to the structure (the structure is available on the enrollment website, and each year volunteers create a Telegram-chat to stay in touch and assist applicants). Or you can complete the forms in advance before submitting your documents, or during the submission process. SDU assistants will also be available to help you fill them out.",,,
R112_Q08,en,How can I book conference rooms at the library?,You can book them on the website https://sdu-kz.libguides.com/libservices/booking.,needs_review,,FAQ0568,112,8,2024-10-28,University related/По университету/Университет бойынша,en,numbered,You can book them on the website https://sdu-kz.libguides.com/libservices/booking.,,,
R112_Q09,en,What is Resit Exam?,A resit exam is a second chance to take an exam that a student initially failed or did not perform well on.,needs_review,,FAQ0569,112,9,2024-10-28,University related/По университету/Университет бойынша,en,numbered,A resit exam is a second chance to take an exam that a student initially failed or did not perform well on.,,,
R112_Q10,en,What is add/drop?,Add/drop is a week in which you can drop a subject that you supposedly did not like the teacher or subject.,needs_review,,FAQ0570,112,10,2024-10-28,University related/По университету/Университет бойынша,en,numbered,Add/drop is a week in which you can drop a subject that you supposedly did not like the teacher or subject.,,,
R112_Q11,en,Can I take subjects from other semesters?,"If you are studying in the first semester, you can choose subjects from odd semesters such as 3, 5 and 7. If you are studying in the second semester, subjects from even semesters such as 2, 4 and 6 are available to you.",needs_review,"Проверить актуальность чисел, сроков, стоимости или должностей.",FAQ0571,112,11,2024-10-28,University related/По университету/Университет бойынша,en,numbered,"If you are studying in the first semester, you can choose subjects from odd semesters such as 3, 5 and 7. If you are studying in the second semester, subjects from even semesters such as 2, 4 and 6 are available to you.",,,
R112_Q12,en,"What if there are not enough quotas for items such as turkish, history?","The first option - you can go to the dean's office and open a quota there.
The second - close it in another semester.",needs_review,,FAQ0572,112,12,2024-10-28,University related/По университету/Университет бойынша,en,numbered,"The first option - you can go to the dean's office and open a quota there.
The second - close it in another semester.",,,
R112_Q13,en,"How do you know when the add/drop period, midterms, and time to prepare for finals begin without waiting for alarming reminders?","There is an academic calendar on the SDU website, you can find out about it there.",needs_review,,FAQ0573,112,13,2024-10-28,University related/По университету/Университет бойынша,en,numbered,"There is an academic calendar on the SDU website, you can find out about it there.",,,
R113_Q01,kk,Үшінші қаббатта неге сабақ қарауға орын жеткіліксіз?,"Студенттер саны көбейіп жатқандықтан, кейбір қабаттарда бос орын жетіспеуі мүмкін.",needs_review,,FAQ0574,113,1,2024-10-28,University related/По университету/Университет бойынша,kk,numbered,"Студенттер саны көбейіп жатқандықтан, кейбір қабаттарда бос орын жетіспеуі мүмкін.",,,
R113_Q02,kk,Неге шет ел студенттерде жерлік студенттерге қарағанда ағылшын курс және басқаша төлемдер неге қымбат болады?,Шетелдік студенттердің оқу ақысы валюта бағамы мен халықаралық келісімдерге байланысты өзгеше есептеледі.,needs_review,"Проверить актуальность чисел, сроков, стоимости или должностей.",FAQ0575,113,2,2024-10-28,University related/По университету/Университет бойынша,kk,numbered,Шетелдік студенттердің оқу ақысы валюта бағамы мен халықаралық келісімдерге байланысты өзгеше есептеледі.,,,
R113_Q03,kk,Шет ел студенттерге неге жеңілдіктер болмайды?,"Ресми жеңілдіктер туралы ақпарат жоқ, бірақ жекелеген жағдайларда деканатпен сөйлесуге болады.",needs_review,,FAQ0576,113,3,2024-10-28,University related/По университету/Университет бойынша,kk,numbered,"Ресми жеңілдіктер туралы ақпарат жоқ, бірақ жекелеген жағдайларда деканатпен сөйлесуге болады.",,,
R113_Q04,kk,Ағылшын курсын сырттай алуға болады ма? Университеттен тыс,"Жоқ, ағылшын курсын тек университет ішінде оқу керек.",needs_review,,FAQ0577,113,4,2024-10-28,University related/По университету/Университет бойынша,kk,numbered,"Жоқ, ағылшын курсын тек университет ішінде оқу керек.",,,
R113_Q05,kk,Сабақ және басқаша мәселелер үшін кімнен көмек сурауға болады?,Эдвайзерге немесе office hours кезінде сол пәннің мұғаліміне хабарласыңыз.,needs_review,"Проверить актуальность чисел, сроков, стоимости или должностей.",FAQ0578,113,5,2024-10-28,University related/По университету/Университет бойынша,kk,numbered,Эдвайзерге немесе office hours кезінде сол пәннің мұғаліміне хабарласыңыз.,,,
R113_Q06,kk,Баскеболл клубына қалай кіре аламын?Тағыда іріктеулер болады ма?,Кастингтен өту керек,needs_review,,FAQ0579,113,6,2024-10-28,University related/По университету/Университет бойынша,kk,numbered,Кастингтен өту керек,,,
R114_Q01,ru,"Каким требованиям должен соответствовать студент, чтобы учиться по программе exchange?","Обычно нужен хороший GPA, отсутствие ретейков и знание английского (иногда IELTS) — уточняется в International Relations Office.",needs_review,,FAQ0580,114,1,2024-10-28,University related/По университету/Университет бойынша,ru,numbered,"Обычно нужен хороший GPA, отсутствие ретейков и знание английского (иногда IELTS) — уточняется в International Relations Office.",,,
R114_Q02,ru,Когда начинаются каникулы после первого семестра?,"Каникулы начинаются после сессии, ориентировочно в конце декабря — начале января (точные даты смотрите в Academic Calendar на портале).",needs_review,,FAQ0581,114,2,2024-10-28,University related/По университету/Университет бойынша,ru,numbered,"Каникулы начинаются после сессии, ориентировочно в конце декабря — начале января (точные даты смотрите в Academic Calendar на портале).",,,
R114_Q03,ru,"Что нужно сделать, чтобы открыть свой собственный клуб?","Нужно подать заявку/документы в Student Life (или через деканат), собрать инициативную группу и пройти согласование.",needs_review,,FAQ0582,114,3,2024-10-28,University related/По университету/Университет бойынша,ru,numbered,"Нужно подать заявку/документы в Student Life (или через деканат), собрать инициативную группу и пройти согласование.",,,
R114_Q04,ru,Где находится молитвенная комната в СДУ - life,самый верхний этаж,needs_review,,FAQ0583,114,4,2024-10-28,University related/По университету/Университет бойынша,ru,numbered,самый верхний этаж,,,
R114_Q05,ru,Что такое менторство?,"Менторство — это система, где старшекурсник (ментор) помогает младшим студентам адаптироваться, разобраться с учёбой и универской жизнью.",needs_review,,FAQ0584,114,5,2024-10-28,University related/По университету/Университет бойынша,ru,numbered,"Менторство — это система, где старшекурсник (ментор) помогает младшим студентам адаптироваться, разобраться с учёбой и универской жизнью.",,,
R114_Q06,ru,Что такое IMO?,Олимпиада среди девушек инженерного факультета,needs_review,,FAQ0585,114,6,2024-10-28,University related/По университету/Университет бойынша,ru,numbered,Олимпиада среди девушек инженерного факультета,,,
R115_Q01,ru,Есть ли возможность для дополнительного обучения или консультаций по предмету?,Дополнительные консультации можно получить у преподавателя в office hours.,needs_review,"Фрагмент общего ответа сопоставлен по смыслу; проверить соответствие. Проверить актуальность чисел, сроков, стоимости или должностей.",FAQ0586,115,1,2024-10-28,University related/По университету/Университет бойынша,ru,semantic_review,Дополнительные консультации можно получить у преподавателя в office hours.,,,
R115_Q02,ru,"Можно ли перенести лабораторные работы или пересдать их, если я заболел?","Если заболели и пропустили лабораторную работу, принесите справку в деканат или преподавателю. Обычно назначают пересдачу.",needs_review,Фрагмент общего ответа сопоставлен по смыслу; проверить соответствие.,FAQ0587,115,2,2024-10-28,University related/По университету/Университет бойынша,ru,semantic_review,"Если заболели и пропустили лабораторную работу, принесите справку в деканат или преподавателю. Обычно назначают пересдачу.",,,
R116_Q01,ru,почему все туалеты деревенские?,Официальной причины нет — по сантехнике жалобы подавать в Maintenance Department/ресепшен.,needs_review,,FAQ0588,116,1,2024-10-28,Dormitory related/По общежитию/Жатақхана бойынша,ru,line_order,Официальной причины нет — по сантехнике жалобы подавать в Maintenance Department/ресепшен.,,,
R116_Q02,ru,почему выбрасывают вещи с комнаты?,"Обычно выбрасывают невостребованные вещи после выселения — если оставляете вещи, предупредите ресепшен заранее.",needs_review,,FAQ0589,116,2,2024-10-28,Dormitory related/По общежитию/Жатақхана бойынша,ru,line_order,"Обычно выбрасывают невостребованные вещи после выселения — если оставляете вещи, предупредите ресепшен заранее.",,,
R116_Q03,ru,"почему нельзя собой принести мультиварку, чайник, удлинитель и тд?",Запрещено из соображений пожарной безопасности (электроприборы в комнатах).,needs_review,,FAQ0590,116,3,2024-10-28,Dormitory related/По общежитию/Жатақхана бойынша,ru,line_order,Запрещено из соображений пожарной безопасности (электроприборы в комнатах).,,,
R117_Q01,ru,Можно ли на крыше кампуса устроить пикник?,Пикник на крыше кампуса официально не предусмотрен (доступ ограничен из соображений безопасности).,needs_review,Фрагмент общего ответа сопоставлен по смыслу; проверить соответствие.,FAQ0591,117,1,2024-10-28,University related/По университету/Университет бойынша,ru,semantic_review,Пикник на крыше кампуса официально не предусмотрен (доступ ограничен из соображений безопасности).,,,
R117_Q02,ru,Где в кампусе самые красивые закаты?,Красивые закаты лучше смотреть с открытых площадок у SDU Life.,needs_review,Фрагмент общего ответа сопоставлен по смыслу; проверить соответствие.,FAQ0592,117,2,2024-10-28,University related/По университету/Университет бойынша,ru,semantic_review,Красивые закаты лучше смотреть с открытых площадок у SDU Life.,,,
R117_Q03,ru,"Можно ли создать уголок с питомцами, чтобы студенты могли общаться с животными для снятия стресса?","Живого уголка с питомцами пока нет, но это интересная идея для студенческого клуба.",needs_review,Фрагмент общего ответа сопоставлен по смыслу; проверить соответствие.,FAQ0593,117,3,2024-10-28,University related/По университету/Университет бойынша,ru,semantic_review,"Живого уголка с питомцами пока нет, но это интересная идея для студенческого клуба.",,,
R117_Q04,ru,Почему в кампусе нет автоматов с лапшой быстрого приготовления? Кто на самом деле решает такие вещи?,"Автоматов с лапшой на кампусе нет — такие решения принимает администрация/Student Service Center, можно предложить идею через студенческий совет.",needs_review,Фрагмент общего ответа сопоставлен по смыслу; проверить соответствие.,FAQ0594,117,4,2024-10-28,University related/По университету/Университет бойынша,ru,semantic_review,"Автоматов с лапшой на кампусе нет — такие решения принимает администрация/Student Service Center, можно предложить идею через студенческий совет.",,,
R118_Q01,ru,"Есть ли маршруты, которые едут по БАКАДУ до Талгара?(живу в талгаре)",,missing_answer,Нет содержательного ответа на этот вопрос.,FAQ0595,118,1,2024-10-28,University related/По университету/Университет бойынша,,numbered,,,,
R118_Q02,ru,"Какую пищу лучше выбрать в контине, как быстро научиться их название и не задерживать очередь ?",Лучше сэндвичи или же Самса,needs_review,,FAQ0596,118,2,2024-10-28,University related/По университету/Университет бойынша,ru,numbered,Лучше сэндвичи или же Самса,,,
R118_Q03,ru,"Что нужно делать, если у тебя окошко 4-5 часов и как договориться с учителем, чтоб он поменял у тебя урок? То есть дал тебе аттенденс и поменял урок?",поспать или же передвинуть урок поговорив с учителем,needs_review,"Проверить актуальность чисел, сроков, стоимости или должностей.",FAQ0597,118,3,2024-10-28,University related/По университету/Университет бойынша,ru,numbered,поспать или же передвинуть урок поговорив с учителем,,,
R118_Q04,ru,Как легко найти общий язык с учителем и легко понимать уроки этого учителя?,Нужно учиться!!!,content_review,Неинформативный ответ.,FAQ0598,118,4,2024-10-28,University related/По университету/Университет бойынша,ru,numbered,Нужно учиться!!!,,,
R118_Q05,ru,Что нужно сделать если пропустил урок или опаздываешь чтоб не получить абцент?,Не знаю так и ен понял,content_review,"Неуверенность, предположение или отсутствие подтверждения в исходном ответе.",FAQ0599,118,5,2024-10-28,University related/По университету/Университет бойынша,ru,numbered,Не знаю так и ен понял,,,
R118_Q06,ru,"Что будет если опаздаешь на куиз, за пустят ли тебя или нет?",Скорее всего нет,content_review,"Неуверенность, предположение или отсутствие подтверждения в исходном ответе.",FAQ0600,118,6,2024-10-28,University related/По университету/Университет бойынша,ru,numbered,Скорее всего нет,,,
R118_Q07,ru,Как можно быстро научиться идти с одного конца СДУ на другой или как не опоздавать на урок ?,Быстро ходить,content_review,Неинформативный ответ. Краткий ответ: использовать вместе с вопросом.,FAQ0601,118,7,2024-10-28,University related/По университету/Университет бойынша,ru,numbered,Быстро ходить,,,
R118_Q08,ru,Как быстро научиться создавать рассписание чтоб не забрали все квоты?,,missing_answer,Нет содержательного ответа на этот вопрос.,FAQ0602,118,8,2024-10-28,University related/По университету/Университет бойынша,,numbered,,,,
R118_Q09,ru,Как найти знакомого в СДУ?,,missing_answer,Нет содержательного ответа на этот вопрос.,FAQ0603,118,9,2024-10-28,University related/По университету/Университет бойынша,,numbered,,,,
R118_Q10,ru,Критично ли если не придешь на оринтейшен дей?,"Нет не критично, и без оринтейшен дей можно выжить в этих голодных играх )",needs_review,,FAQ0604,118,10,2024-10-28,University related/По университету/Университет бойынша,ru,numbered,"Нет не критично, и без оринтейшен дей можно выжить в этих голодных играх )",,,
R118_Q11,ru,Что будет на Оринтейшен дей?,,missing_answer,Нет содержательного ответа на этот вопрос.,FAQ0605,118,11,2024-10-28,University related/По университету/Университет бойынша,,numbered,,,,
R118_Q12,ru,Как будет проходить Велком пикник?,,missing_answer,Нет содержательного ответа на этот вопрос.,FAQ0606,118,12,2024-10-28,University related/По университету/Университет бойынша,,numbered,,,,
R118_Q13,ru,Как будет проходить Велком пати и другие мероприятия в СДУ?,,missing_answer,Нет содержательного ответа на этот вопрос.,FAQ0607,118,13,2024-10-28,University related/По университету/Университет бойынша,,numbered,,,,
R118_Q14,ru,Как стать активистом или войти в какой либо клуб,,missing_answer,Нет содержательного ответа на этот вопрос.,FAQ0608,118,14,2024-10-28,University related/По университету/Университет бойынша,,numbered,,,,
R119_Q01,kk,Ужин қаншада беріледі?,Кешкі ас (ужин) шамамен 17:00-ден 19:00-ге дейінгі аралықта беріледі.,needs_review,"Проверить актуальность чисел, сроков, стоимости или должностей.",FAQ0609,119,1,2024-10-28,екеуіде,kk,numbered,Кешкі ас (ужин) шамамен 17:00-ден 19:00-ге дейінгі аралықта беріледі.,,,
R119_Q02,kk,Exchange программасы бар ма? Қай елдерге баруға мүмкіндік бар?,"Иә, Exchange бағдарламасы бар. Ол International Relations Office арқылы жүзеге асады, серіктес университеттерге байланысты Түркия, Корея, Еуропа елдері сияқты бірнеше бағыттарға баруға мүмкіндік бар.",needs_review,,FAQ0610,119,2,2024-10-28,екеуіде,kk,numbered,"Иә, Exchange бағдарламасы бар. Ол International Relations Office арқылы жүзеге асады, серіктес университеттерге байланысты Түркия, Корея, Еуропа елдері сияқты бірнеше бағыттарға баруға мүмкіндік бар.",,,
R119_Q03,kk,Универде қалай тез кабинет табуға болады?,"Әр блоктың кіреберісінде кабинеттер картасы ілінген (мысалы, G103 — G блок, 1-ші қабат, 3-ші кабинет). Сонымен қатар телеграм-топтарда навигацияға көмектесетін бот бар.",needs_review,"Проверить актуальность чисел, сроков, стоимости или должностей.",FAQ0611,119,3,2024-10-28,екеуіде,kk,numbered,"Әр блоктың кіреберісінде кабинеттер картасы ілінген (мысалы, G103 — G блок, 1-ші қабат, 3-ші кабинет). Сонымен қатар телеграм-топтарда навигацияға көмектесетін бот бар.",,,
R119_Q04,kk,Қалай окошканы тиімді пайдалануға болады?,"Окошканы кітапханада дайындыққа, демалуға немесе мұғаліммен келісіп сабақ уақытын ауыстыруға пайдалануға болады.",needs_review,,FAQ0612,119,4,2024-10-28,екеуіде,kk,numbered,"Окошканы кітапханада дайындыққа, демалуға немесе мұғаліммен келісіп сабақ уақытын ауыстыруға пайдалануға болады.",,,
R119_Q05,kk,Әскері кафедраға қалай және қай уақытта тіркелуге болады?,СДУ-да әскери кафедра жоқ. Оны тек ҚазҰУ немесе Нархоз университетінде ақылы негізде оқуға болады,needs_review,,FAQ0613,119,5,2024-10-28,екеуіде,kk,numbered,СДУ-да әскери кафедра жоқ. Оны тек ҚазҰУ немесе Нархоз университетінде ақылы негізде оқуға болады,,,
R119_Q06,kk,Жатақанада дүкен бар ма?,"Иә, жатақханада дүкен бар, ол шамамен таңғы 9-дан түнгі 22:00-ге дейін жұмыс істейді.",needs_review,"Проверить актуальность чисел, сроков, стоимости или должностей.",FAQ0614,119,6,2024-10-28,екеуіде,kk,numbered,"Иә, жатақханада дүкен бар, ол шамамен таңғы 9-дан түнгі 22:00-ге дейін жұмыс істейді.",,,
R119_Q07,kk,Айди картаны стипендия картаны жоғалтып алсақ не болады?,ID картаны жоғалтқанда Student Service Center-ге (SSC) барып жаңасын рәсімдеу керек (ақылы). Стипендиялық картаны жоғалтқан жағдайда Halyk Bank бөліміне жүгінген жөн.,needs_review,,FAQ0615,119,7,2024-10-28,екеуіде,kk,numbered,ID картаны жоғалтқанда Student Service Center-ге (SSC) барып жаңасын рәсімдеу керек (ақылы). Стипендиялық картаны жоғалтқан жағдайда Halyk Bank бөліміне жүгінген жөн.,,,
R119_Q08,kk,Жатақанадағы орынды неше жыл алуға болады?,"Жатақханадағы орын әдетте әр оқу жылына жеке рәсімделеді, яғни жыл сайын қайта тіркелу қажет (орын саны мен GPA-ға байланысты болуы мүмкін).",content_review,"Неуверенность, предположение или отсутствие подтверждения в исходном ответе.",FAQ0616,119,8,2024-10-28,екеуіде,kk,numbered,"Жатақханадағы орын әдетте әр оқу жылына жеке рәсімделеді, яғни жыл сайын қайта тіркелу қажет (орын саны мен GPA-ға байланысты болуы мүмкін).",,,
R119_Q09,kk,"2,3 курстарда жатақанада орын болмаса қайда барған жөн?","Орын жетіспесе, жатақхана әкімшілігіне (Dormitory Administration) барып күту тізіміне тұру керек немесе SDU[housing] телеграм-боты арқылы сыртқы пәтер/жатақхана нұсқаларын қарастырған жөн.",needs_review,"Проверить актуальность чисел, сроков, стоимости или должностей.",FAQ0617,119,9,2024-10-28,екеуіде,kk,numbered,"Орын жетіспесе, жатақхана әкімшілігіне (Dormitory Administration) барып күту тізіміне тұру керек немесе SDU[housing] телеграм-боты арқылы сыртқы пәтер/жатақхана нұсқаларын қарастырған жөн.",,,
R120_Q01,ru,"Что делать, чтобы стать президентом универа? Какие достижения или качества должны иметь участники и желающие? Какие есть преимущества/минусы будучи президентом университета?",Обратиться в Департамент по социальным вопросам; нужны лидерские качества и активность в клубах.,needs_review,"Проверить актуальность чисел, сроков, стоимости или должностей.",FAQ0618,120,1,2024-10-28,University related/По университету/Университет бойынша,ru,numbered,Обратиться в Департамент по социальным вопросам; нужны лидерские качества и активность в клубах.,,,
R120_Q02,ru,"Поддерживает ли университет ментальное состояние студентов? Есть ли специалисты по этой сфере, которые могут помочь студентам(чтобы было анонимно)в случае стрессовых случаях, нестабильного состояния у студента?","Да, есть бесплатный психолог для студентов (запись заранее, т.к. очередь большая).",needs_review,,FAQ0619,120,2,2024-10-28,University related/По университету/Университет бойынша,ru,numbered,"Да, есть бесплатный психолог для студентов (запись заранее, т.к. очередь большая).",,,
R120_Q03,ru,"Разве животным не запрещено входить в университет? Почему в университете ходят собаки, кошки? И на территории университета? Что делать людям, у которых фобия на животных?",Официальной причины нахождения животных на территории SDU не публикует.,needs_review,,FAQ0620,120,3,2024-10-28,University related/По университету/Университет бойынша,ru,numbered,Официальной причины нахождения животных на территории SDU не публикует.,,,
R120_Q04,ru,"Есть ли каналы обратной связи, где студенты могут предлагать улучшения или участвовать в адаптации учебной программы? Принимаются ли обратная связь/отзывы студентов по поводу универа?","Да, обратная связь принимается через студсовет / Student Service Center.",needs_review,"Проверить актуальность чисел, сроков, стоимости или должностей.",FAQ0621,120,4,2024-10-28,University related/По университету/Университет бойынша,ru,numbered,"Да, обратная связь принимается через студсовет / Student Service Center.",,,
R120_Q05,ru,Можно ли пользоваться компьютерами на нулевом этаже библиотеки? Имеются ли пароль от них?,"Да, на 0 этаже библиотеки есть компьютеры в свободном доступе.",needs_review,"Проверить актуальность чисел, сроков, стоимости или должностей.",FAQ0622,120,5,2024-10-28,University related/По университету/Университет бойынша,ru,numbered,"Да, на 0 этаже библиотеки есть компьютеры в свободном доступе.",,,
R120_Q06,ru,"Предусмотрены ли какие-то мероприятия, тренинги или коучинговые программы для студентов, которые помогают найти личные ценности и профессиональную миссию?",Есть тренинги от Career Department по поиску профессиональной миссии.,needs_review,,FAQ0623,120,6,2024-10-28,University related/По университету/Университет бойынша,ru,numbered,Есть тренинги от Career Department по поиску профессиональной миссии.,,,
R120_Q07,ru,"Есть ли возможность поменять профессию во втором семестре, в случае если не понравится своя профессия?","Да, поменять специальность можно через Student Service Center (SSC).",needs_review,,FAQ0624,120,7,2024-10-28,University related/По университету/Университет бойынша,ru,numbered,"Да, поменять специальность можно через Student Service Center (SSC).",,,
R120_Q08,ru,"Есть ли какие-нибудь интервалы времени, когда можно/нельзя будет писать преподавателю в почту, в случае возникшего вопроса?","Официальных ограничений по времени нет, но лучше писать в рабочие часы.",needs_review,"Проверить актуальность чисел, сроков, стоимости или должностей.",FAQ0625,120,8,2024-10-28,University related/По университету/Университет бойынша,ru,numbered,"Официальных ограничений по времени нет, но лучше писать в рабочие часы.",,,
R120_Q09,ru,Можно ли прийти в библиотеку в 7:00 утра?,"Нет, библиотека открывается в 8:30.",needs_review,"Проверить актуальность чисел, сроков, стоимости или должностей.",FAQ0626,120,9,2024-10-28,University related/По университету/Университет бойынша,ru,numbered,"Нет, библиотека открывается в 8:30.",,,
R120_Q10,ru,До скольки университет будет открыт?,Разные блоки закрываются в разное время (обычно до 20:30–21:00).,needs_review,"Проверить актуальность чисел, сроков, стоимости или должностей.",FAQ0627,120,10,2024-10-28,University related/По университету/Университет бойынша,ru,numbered,Разные блоки закрываются в разное время (обычно до 20:30–21:00).,,,
R120_Q11,ru,В праздничные/выходные дни можно будет прийти в университет? Будет ли открыто?,В праздники/выходные университет обычно закрыт или работает ограниченно.,needs_review,,FAQ0628,120,11,2024-10-28,University related/По университету/Университет бойынша,ru,numbered,В праздники/выходные университет обычно закрыт или работает ограниченно.,,,
R121_Q01,kk,Неге әжетханлардағы унитазы бар кабинка жасамайды?,,missing_answer,Нет содержательного ответа на этот вопрос. Фрагмент общего ответа сопоставлен по смыслу; проверить соответствие.,FAQ0629,121,1,2024-10-29,University related/По университету/Университет бойынша,,semantic_review,,,,
R121_Q02,kk,Неге жатаханда әр қабаттағы ас бөлмелерінде тамақ пісіретін орын мен микроволновкалар жоқ?,Жатақхана асханаларында микроволновка әдетте жоқ — бұл қауіпсіздік/электр қуаты шектеуіне байланысты болуы мүмкін.,content_review,"Фрагмент общего ответа сопоставлен по смыслу; проверить соответствие. Неуверенность, предположение или отсутствие подтверждения в исходном ответе.",FAQ0630,121,2,2024-10-29,University related/По университету/Университет бойынша,kk,semantic_review,Жатақхана асханаларында микроволновка әдетте жоқ — бұл қауіпсіздік/электр қуаты шектеуіне байланысты болуы мүмкін.,,,
R121_Q03,kk,Универдің ішінде өзіндік ережелер бар ма?,"Университеттің ішкі ережелер жинағы бар, онымен Student Service Center арқылы танысуға болады.",needs_review,Фрагмент общего ответа сопоставлен по смыслу; проверить соответствие.,FAQ0631,121,3,2024-10-29,University related/По университету/Университет бойынша,kk,semantic_review,"Университеттің ішкі ережелер жинағы бар, онымен Student Service Center арқылы танысуға болады.",,,
R121_Q04,kk,Универде діни ритуалдар жасайтын орындар бар ма?,,missing_answer,Нет содержательного ответа на этот вопрос. Фрагмент общего ответа сопоставлен по смыслу; проверить соответствие.,FAQ0632,121,4,2024-10-29,University related/По университету/Университет бойынша,,semantic_review,,,,
R122_Q01,kk,Неге расписаниені өзіміз құрамыз ?,Әр студенттің өз ыңғайына қарай сабақ таңдауы үшін.,needs_review,,FAQ0633,122,1,2024-10-29,University related/По университету/Университет бойынша,kk,numbered,Әр студенттің өз ыңғайына қарай сабақ таңдауы үшін.,,,
R122_Q02,kk,оқушылар бір біріне сенім артама ?,"Бірге сабақ алғанда рас, бір-біріне сенім қажет.",needs_review,,FAQ0634,122,2,2024-10-29,University related/По университету/Университет бойынша,kk,numbered,"Бірге сабақ алғанда рас, бір-біріне сенім қажет.",,,
R122_Q03,kk,неге университет қаладан тыс жерде орналасқан ?,Қала сыртында орналасуы — жер көлемі мен кампус құрылысына байланысты.,needs_review,,FAQ0635,122,3,2024-10-29,University related/По университету/Университет бойынша,kk,numbered,Қала сыртында орналасуы — жер көлемі мен кампус құрылысына байланысты.,,,
R122_Q04,kk,неше оқушы бірінші семестрдан кейін степендиядан құлап қалады?,Нақты статистика жарияланбаған.,needs_review,"Проверить актуальность чисел, сроков, стоимости или должностей.",FAQ0636,122,4,2024-10-29,University related/По университету/Университет бойынша,kk,numbered,Нақты статистика жарияланбаған.,,,
R122_Q05,kk,универге жету жолдары қанша ?,Негізі 2 жол бар: жеке көлік/такси немесе автобус.,needs_review,"Проверить актуальность чисел, сроков, стоимости или должностей.",FAQ0637,122,5,2024-10-29,University related/По университету/Университет бойынша,kk,numbered,Негізі 2 жол бар: жеке көлік/такси немесе автобус.,,,
R122_Q06,kk,әр түрлі шараларға қатысу өзін үшін маныздыма ?,"Иә, жаңа орта табу және тәжірибе жинау үшін маңызды.",needs_review,,FAQ0638,122,6,2024-10-29,University related/По университету/Университет бойынша,kk,numbered,"Иә, жаңа орта табу және тәжірибе жинау үшін маңызды.",,,
R122_Q07,kk,шахмат кабинеті қай жақта орналасқан ?,"Шахмат кабинеті H блокта, 0 қабатта.",needs_review,"Проверить актуальность чисел, сроков, стоимости или должностей.",FAQ0639,122,7,2024-10-29,University related/По университету/Университет бойынша,kk,numbered,"Шахмат кабинеті H блокта, 0 қабатта.",,,
R122_Q08,kk,шылымға тыйым салынама ?,"Иә, кампуста тек 2 арнайы белгіленген темекі ішу аймағы бар, қалғанында тыйым салынған.",needs_review,"Проверить актуальность чисел, сроков, стоимости или должностей.",FAQ0640,122,8,2024-10-29,University related/По университету/Университет бойынша,kk,numbered,"Иә, кампуста тек 2 арнайы белгіленген темекі ішу аймағы бар, қалғанында тыйым салынған.",,,
R122_Q09,kk,сабақтар шынымен шет тілінде өтема ?,"Иә, көптеген пәндер ағылшын тілінде өтеді.",needs_review,,FAQ0641,122,9,2024-10-29,University related/По университету/Университет бойынша,kk,numbered,"Иә, көптеген пәндер ағылшын тілінде өтеді.",,,
R122_Q10,kk,интернет ен жақсы ұстайтын блок ?,Нақты блок көрсетілмеген,needs_review,,FAQ0642,122,10,2024-10-29,University related/По университету/Университет бойынша,kk,numbered,Нақты блок көрсетілмеген,,,
R122_Q11,kk,1 ші курс студентіне ноутбук болуы манызды ма ?,"Иә, ноутбук бірінші курста да қажет болады.",needs_review,"Проверить актуальность чисел, сроков, стоимости или должностей.",FAQ0643,122,11,2024-10-29,University related/По университету/Университет бойынша,kk,numbered,"Иә, ноутбук бірінші курста да қажет болады.",,,
R122_Q12,kk,қандай спорт түрі сду да дамыған ?,"Футбол, волейбол, баскетбол және шахмат секциялары белсенді дамыған.",needs_review,,FAQ0644,122,12,2024-10-29,University related/По университету/Университет бойынша,kk,numbered,"Футбол, волейбол, баскетбол және шахмат секциялары белсенді дамыған.",,,
R123_Q01,kk,Кантин ішіндегі поачаның бағасы неше?,Кантиндегі тағамдар мен SDU Store бұйымдарының бағасы жиі өзгеріп тұрады — тікелей орнында тексерген дұрыс.,needs_review,"Фрагмент общего ответа сопоставлен по смыслу; проверить соответствие. Проверить актуальность чисел, сроков, стоимости или должностей.",FAQ0645,123,1,2024-10-29,University related/По университету/Университет бойынша,kk,semantic_review,Кантиндегі тағамдар мен SDU Store бұйымдарының бағасы жиі өзгеріп тұрады — тікелей орнында тексерген дұрыс.,,,
R123_Q02,kk,Кантин ішіндегі пиденің бағасы неше?,Кантиндегі тағамдар мен SDU Store бұйымдарының бағасы жиі өзгеріп тұрады — тікелей орнында тексерген дұрыс.,needs_review,"Фрагмент общего ответа сопоставлен по смыслу; проверить соответствие. Проверить актуальность чисел, сроков, стоимости или должностей.",FAQ0646,123,2,2024-10-29,University related/По университету/Университет бойынша,kk,semantic_review,Кантиндегі тағамдар мен SDU Store бұйымдарының бағасы жиі өзгеріп тұрады — тікелей орнында тексерген дұрыс.,,,
R123_Q03,kk,Кантин ішіндегі конверттің бағасы неше?,Кантиндегі тағамдар мен SDU Store бұйымдарының бағасы жиі өзгеріп тұрады — тікелей орнында тексерген дұрыс.,needs_review,"Фрагмент общего ответа сопоставлен по смыслу; проверить соответствие. Проверить актуальность чисел, сроков, стоимости или должностей.",FAQ0647,123,3,2024-10-29,University related/По университету/Университет бойынша,kk,semantic_review,Кантиндегі тағамдар мен SDU Store бұйымдарының бағасы жиі өзгеріп тұрады — тікелей орнында тексерген дұрыс.,,,
R123_Q04,kk,Sdu store ішіндегі футболканың бағасы қаншадан?,Кантиндегі тағамдар мен SDU Store бұйымдарының бағасы жиі өзгеріп тұрады — тікелей орнында тексерген дұрыс.,needs_review,"Фрагмент общего ответа сопоставлен по смыслу; проверить соответствие. Проверить актуальность чисел, сроков, стоимости или должностей.",FAQ0648,123,4,2024-10-29,University related/По университету/Университет бойынша,kk,semantic_review,Кантиндегі тағамдар мен SDU Store бұйымдарының бағасы жиі өзгеріп тұрады — тікелей орнында тексерген дұрыс.,,,
R123_Q05,kk,SDU қай жылы ашылды?,SDU 1996 жылы құрылды.,needs_review,"Фрагмент общего ответа сопоставлен по смыслу; проверить соответствие. Проверить актуальность чисел, сроков, стоимости или должностей.",FAQ0649,123,5,2024-10-29,University related/По университету/Университет бойынша,kk,semantic_review,SDU 1996 жылы құрылды.,,,
R123_Q06,kk,Sdu ішінде қанша кабинет бар?,Кабинеттер саны бойынша дәл мәлімет жоқ.,needs_review,Фрагмент общего ответа сопоставлен по смыслу; проверить соответствие.,FAQ0650,123,6,2024-10-29,University related/По университету/Университет бойынша,kk,semantic_review,Кабинеттер саны бойынша дәл мәлімет жоқ.,,,
R123_Q07,kk,SDU-дан жаңадан салынып жатқан I(Ай) блок кашан ашылады?,,missing_answer,Нет содержательного ответа на этот вопрос. Фрагмент общего ответа сопоставлен по смыслу; проверить соответствие.,FAQ0651,123,7,2024-10-29,University related/По университету/Университет бойынша,,semantic_review,,,,
R123_Q08,kk,Sdu ішінде қанша пальма бар?,Пальма саны бойынша дәл мәлімет жоқ.,needs_review,Фрагмент общего ответа сопоставлен по смыслу; проверить соответствие.,FAQ0652,123,8,2024-10-29,University related/По университету/Университет бойынша,kk,semantic_review,Пальма саны бойынша дәл мәлімет жоқ.,,,
R123_Q09,kk,Sdu wifi zona жақта қанша стенд бар?,,missing_answer,Нет содержательного ответа на этот вопрос. Фрагмент общего ответа сопоставлен по смыслу; проверить соответствие.,FAQ0653,123,9,2024-10-29,University related/По университету/Университет бойынша,,semantic_review,,,,
R123_Q10,kk,Ағылшын сабағын 100% жабу үшін IELTS тестінен қанша алу керек?,Ағылшын пәнін 100% жабу үшін IELTS 6.0 (әр бөлім кемінде 5.5) қажет.,needs_review,"Фрагмент общего ответа сопоставлен по смыслу; проверить соответствие. Проверить актуальность чисел, сроков, стоимости или должностей. Сверить условия IELTS: в наборе есть разные трактовки освобождения от английского.",FAQ0654,123,10,2024-10-29,University related/По университету/Университет бойынша,kk,semantic_review,Ағылшын пәнін 100% жабу үшін IELTS 6.0 (әр бөлім кемінде 5.5) қажет.,,,
R123_Q11,kk,Sdu университетінде ағылшын сабағын төлемеу үшін тесттен қанша алу керек?,Төлемей жабу үшін ішкі тесттен 54 баллдан 41 балл жинау керек.,needs_review,"Фрагмент общего ответа сопоставлен по смыслу; проверить соответствие. Проверить актуальность чисел, сроков, стоимости или должностей.",FAQ0655,123,11,2024-10-29,University related/По университету/Университет бойынша,kk,semantic_review,Төлемей жабу үшін ішкі тесттен 54 баллдан 41 балл жинау керек.,,,
R124_Q01,kk,Cдулайфта асхана бар ма?,"Иә, SDU Life-та 2-ші қабатта асхана бар.",needs_review,"Проверить актуальность чисел, сроков, стоимости или должностей.",FAQ0656,124,1,2024-10-29,University related/По университету/Университет бойынша,kk,numbered,"Иә, SDU Life-та 2-ші қабатта асхана бар.",,,
R124_Q02,kk,G219 қай жақта?,G219 — G блоктың 2-ші қабатында.,needs_review,"Проверить актуальность чисел, сроков, стоимости или должностей.",FAQ0657,124,2,2024-10-29,University related/По университету/Университет бойынша,kk,numbered,G219 — G блоктың 2-ші қабатында.,,,
R124_Q03,kk,Blue hall қайда орналасқан?,Blue Hall — SDU Life ғимаратының 3-ші қабатында.,needs_review,"Проверить актуальность чисел, сроков, стоимости или должностей.",FAQ0658,124,3,2024-10-29,University related/По университету/Университет бойынша,kk,numbered,Blue Hall — SDU Life ғимаратының 3-ші қабатында.,,,
R124_Q04,kk,Media Lab-қа қалай кіре аламыз?,Media Lab-қа кіру үшін алдын ала брондау/рұқсат керек.,needs_review,,FAQ0659,124,4,2024-10-29,University related/По университету/Университет бойынша,kk,numbered,Media Lab-қа кіру үшін алдын ала брондау/рұқсат керек.,,,
R124_Q05,kk,Қыста футбол бола ма?,Қыста жабық футбол залында ойнауға болады.,needs_review,,FAQ0660,124,5,2024-10-29,University related/По университету/Университет бойынша,kk,numbered,Қыста жабық футбол залында ойнауға болады.,,,
R124_Q06,kk,Түрік тілін оқу міндетті ме?,"Түрік тілін оқу көбіне міндетті, бірақ тест арқылы жабуға болады.",needs_review,,FAQ0661,124,6,2024-10-29,University related/По университету/Университет бойынша,kk,numbered,"Түрік тілін оқу көбіне міндетті, бірақ тест арқылы жабуға болады.",,,
R124_Q07,kk,ID карта қашан аламыз?,ID картаны SSC арқылы құжат тапсырғаннан кейін аласыз.,needs_review,,FAQ0662,124,7,2024-10-29,University related/По университету/Университет бойынша,kk,numbered,ID картаны SSC арқылы құжат тапсырғаннан кейін аласыз.,,,
R124_Q08,kk,Sdu security-ға кіру талаптары қандай?,Security-ге кіру үшін ID картаңыз бен ыңғайлы киім керек.,needs_review,,FAQ0663,124,8,2024-10-29,University related/По университету/Университет бойынша,kk,numbered,Security-ге кіру үшін ID картаңыз бен ыңғайлы киім керек.,,,
R124_Q09,kk,Жақын жерде каспи банкомат бар ма?,"Иә, SDU Store/SDU Life маңында Kaspi банкоматы бар.",needs_review,,FAQ0664,124,9,2024-10-29,University related/По университету/Университет бойынша,kk,numbered,"Иә, SDU Store/SDU Life маңында Kaspi банкоматы бар.",,,
R125_Q01,kk,Жатақханаға қандай заттар алып бару керек?,"гигиена заттары, жеке киім-кешек алып барыңыз.",needs_review,,FAQ0665,125,1,2024-10-29,both,kk,numbered,"гигиена заттары, жеке киім-кешек алып барыңыз.",,,
R125_Q02,kk,"неге 1бөлмеде тек 4адамдық орындар мысалы 2,3 адамдық бөлмелер жоқ?",Бөлмелер стандартты 4 орындық болып жобаланған.,needs_review,"Проверить актуальность чисел, сроков, стоимости или должностей.",FAQ0666,125,2,2024-10-29,both,kk,numbered,Бөлмелер стандартты 4 орындық болып жобаланған.,,,
R125_Q03,kk,"G215 сияқты кабинетті қалай табамыз, яғни блоктан тыс орналасқан кабинеттер",Блоктан тыс кабинеттерді (мыс. G215) телеграм немесе топтастарыңыздан сұрап табуға болады.,needs_review,"Проверить актуальность чисел, сроков, стоимости или должностей.",FAQ0667,125,3,2024-10-29,both,kk,numbered,Блоктан тыс кабинеттерді (мыс. G215) телеграм немесе топтастарыңыздан сұрап табуға болады.,,,
R125_Q04,kk,midterm-нан пересдача сұрауға болады ма/пересдачаға қарсы болған жағдайда не істеймін?,Пересдача сұрау үшін мұғаліммен немесе деканатпен сөйлесу керек.,needs_review,,FAQ0668,125,4,2024-10-29,both,kk,numbered,Пересдача сұрау үшін мұғаліммен немесе деканатпен сөйлесу керек.,,,
R125_Q05,kk,жатақханада тұрған жағдайда неге міндетті түрде ужин алу керек?,Жатақхана келісім-шарты бойынша ужин міндетті пакетке кіреді.,needs_review,,FAQ0669,125,5,2024-10-29,both,kk,numbered,Жатақхана келісім-шарты бойынша ужин міндетті пакетке кіреді.,,,
R125_Q06,kk,неге sdu life пен жатақханадағы GYM-дардың сапасы әртүрлі?,"SDU Life ақылы, әрі жаңа жабдықталған, сондықтан сапасы жоғарырақ.",needs_review,Сверить конкретный зал и платность доступа: ответы различаются.,FAQ0670,125,6,2024-10-29,both,kk,numbered,"SDU Life ақылы, әрі жаңа жабдықталған, сондықтан сапасы жоғарырақ.",,,
R125_Q07,kk,неге жатақханада бөлмеде(4адам жататын) 2адамға ғана сабақ оқитын устел?,Орын шектеулі болғандықтан барлығына жетпейді.,needs_review,"Проверить актуальность чисел, сроков, стоимости или должностей.",FAQ0671,125,7,2024-10-29,both,kk,numbered,Орын шектеулі болғандықтан барлығына жетпейді.,,,
R126_Q01,en,Does the school supermarket have a wide variety of products?Are the prices expensive?,The market has a decent variety; prices are close to outside stores.,needs_review,"Проверить актуальность чисел, сроков, стоимости или должностей.",FAQ0672,126,1,2024-10-29,University related/По университету/Университет бойынша,en,numbered,The market has a decent variety; prices are close to outside stores.,,,
R126_Q02,en,Is the food in the cafeteria delicious?Which cafeteria has the best food?,"Yes, food quality varies by canteen — the Green Canteen is popular.",needs_review,,FAQ0673,126,2,2024-10-29,University related/По университету/Университет бойынша,en,numbered,"Yes, food quality varies by canteen — the Green Canteen is popular.",,,
R126_Q03,en,What kind of certificate can help us develop better?,Certificates from Career Department workshops or club participation.,needs_review,,FAQ0674,126,3,2024-10-29,University related/По университету/Университет бойынша,en,numbered,Certificates from Career Department workshops or club participation.,,,
R126_Q04,en,What extracurricular entertainment venues are there around the school?,"SDU Life has cafes, gym, and event spaces nearby.",needs_review,,FAQ0675,126,4,2024-10-29,University related/По университету/Университет бойынша,en,numbered,"SDU Life has cafes, gym, and event spaces nearby.",,,
R126_Q05,en,Do I need a laptop for my first semester ?,A laptop is recommended for the first semester.,needs_review,,FAQ0676,126,5,2024-10-29,University related/По университету/Университет бойынша,en,numbered,A laptop is recommended for the first semester.,,,
R126_Q06,en,Which clubs are suitable for freshmen to join?,Most clubs welcome freshmen — check @sdukz for the full list.,needs_review,,FAQ0677,126,6,2024-10-29,University related/По университету/Университет бойынша,en,numbered,Most clubs welcome freshmen — check @sdukz for the full list.,,,
R126_Q07,en,Do I need to make a reservation to use the library?,No reservation needed for regular library use; group rooms can be booked.,needs_review,,FAQ0678,126,7,2024-10-29,University related/По университету/Университет бойынша,en,numbered,No reservation needed for regular library use; group rooms can be booked.,,,
R126_Q08,en,Can students go to school by bicycle or electric bike?,"Yes, students can use bikes/e-bikes",needs_review,,FAQ0679,126,8,2024-10-29,University related/По университету/Университет бойынша,en,numbered,"Yes, students can use bikes/e-bikes",,,
R126_Q09,en,What should I do if I don’t like my major after studying for a period of time?,You can change your major through the Student Service Center (SSC).,needs_review,,FAQ0680,126,9,2024-10-29,University related/По университету/Университет бойынша,en,numbered,You can change your major through the Student Service Center (SSC).,,,
R126_Q10,en,"If I lose my ID card,where can I apply for a replacement?",Report to the Student Service Center for a replacement ID (fee applies).,needs_review,"Проверить актуальность чисел, сроков, стоимости или должностей.",FAQ0681,126,10,2024-10-29,University related/По университету/Университет бойынша,en,numbered,Report to the Student Service Center for a replacement ID (fee applies).,,,
R127_Q01,en,Can you use portal for students of our university ?,,alignment_review,Общий ответ без нумерации: соответствие не установлено. См. Исходные_QA.,FAQ0682,127,1,2024-10-30,University related/По университету/Университет бойынша,,numbered,,,,
R127_Q02,en,Can you choose lessons?,,alignment_review,Общий ответ без нумерации: соответствие не установлено. См. Исходные_QA.,FAQ0683,127,2,2024-10-30,University related/По университету/Университет бойынша,,numbered,,,,
R127_Q03,en,Do you know about requisites subject,,alignment_review,Общий ответ без нумерации: соответствие не установлено. См. Исходные_QA.,FAQ0684,127,3,2024-10-30,University related/По университету/Университет бойынша,,numbered,,,,
R127_Q04,en,Do you know about discipline for studies?,,alignment_review,Общий ответ без нумерации: соответствие не установлено. См. Исходные_QA.,FAQ0685,127,4,2024-10-30,University related/По университету/Университет бойынша,,numbered,,,,
R127_Q05,en,Can you make convenient schedule of your lessons?,,alignment_review,Общий ответ без нумерации: соответствие не установлено. См. Исходные_QA.,FAQ0686,127,5,2024-10-30,University related/По университету/Университет бойынша,,numbered,,,,
R127_Q06,en,Do you know about day off and why it is needed for first year students?,,alignment_review,Общий ответ без нумерации: соответствие не установлено. См. Исходные_QA.,FAQ0687,127,6,2024-10-30,University related/По университету/Университет бойынша,,numbered,,,,
R128_Q01,ru,Почему нет ограждения от собак в задней части университета ?,,alignment_review,Общий ответ без нумерации: соответствие не установлено. См. Исходные_QA.,FAQ0688,128,1,2024-10-30,Both,,numbered,,,,
R128_Q02,ru,Почему ужин заканчивается раньше своего времени?,,alignment_review,Общий ответ без нумерации: соответствие не установлено. См. Исходные_QA.,FAQ0689,128,2,2024-10-30,Both,,numbered,,,,
R128_Q03,ru,Как готовиться тесто для выпечек ?,,alignment_review,Общий ответ без нумерации: соответствие не установлено. См. Исходные_QA.,FAQ0690,128,3,2024-10-30,Both,,numbered,,,,
R128_Q04,ru,Почему комнаты дорма разных размеров ?,,alignment_review,Общий ответ без нумерации: соответствие не установлено. См. Исходные_QA.,FAQ0691,128,4,2024-10-30,Both,,numbered,,,,
R128_Q05,ru,Почему нельзя менять плед с пастельным бельем ?,,alignment_review,Общий ответ без нумерации: соответствие не установлено. См. Исходные_QA.,FAQ0692,128,5,2024-10-30,Both,,numbered,,,,
R128_Q06,ru,Почему нельзя менять плед с пастельным бельем ?,,alignment_review,Общий ответ без нумерации: соответствие не установлено. См. Исходные_QA.,FAQ0692,128,6,2024-10-30,Both,,numbered,,,,
R128_Q07,ru,Почему стены такие тонькие (слышно все с соседних комнат )?,,alignment_review,Общий ответ без нумерации: соответствие не установлено. См. Исходные_QA.,FAQ0693,128,7,2024-10-30,Both,,numbered,,,,
R128_Q08,ru,почему в туалетах всегда заканчивается мыло и дозатор не работает ?,,alignment_review,Общий ответ без нумерации: соответствие не установлено. См. Исходные_QA.,FAQ0694,128,8,2024-10-30,Both,,numbered,,,,
R128_Q09,ru,Почему не сделают разное время регистраций для каждых курсов ?,,alignment_review,Общий ответ без нумерации: соответствие не установлено. См. Исходные_QA.,FAQ0695,128,9,2024-10-30,Both,,numbered,,,,
R128_Q10,ru,Почему в общаге сидячий туалет работает не на каждом этаже ?,,alignment_review,Общий ответ без нумерации: соответствие не установлено. См. Исходные_QA.,FAQ0696,128,10,2024-10-30,Both,,numbered,,,,
R128_Q11,ru,Как часто меняются ковры в общежитий ?,,alignment_review,Общий ответ без нумерации: соответствие не установлено. См. Исходные_QA.,FAQ0697,128,11,2024-10-30,Both,,numbered,,,,
R128_Q12,ru,Почему на зимних каникулах нельзя оставить все свои вещи в дорме ?,,alignment_review,Общий ответ без нумерации: соответствие не установлено. См. Исходные_QA.,FAQ0698,128,12,2024-10-30,Both,,numbered,,,,
R128_Q13,ru,Насколько большое пространство под кроватью ?,,alignment_review,Общий ответ без нумерации: соответствие не установлено. См. Исходные_QA.,FAQ0699,128,13,2024-10-30,Both,,numbered,,,,
R128_Q14,ru,Почему комендантский час разный для девочек и мальчиков ?,,alignment_review,Общий ответ без нумерации: соответствие не установлено. См. Исходные_QA.,FAQ0700,128,14,2024-10-30,Both,,numbered,,,,
R129_Q01,en,How to change advisor?,Change advisor by submitting a request to the Dean's Office.,needs_review,,FAQ0701,129,1,2024-10-30,University related/По университету/Университет бойынша,en,numbered,Change advisor by submitting a request to the Dean's Office.,,,
R129_Q02,en,How to upload homework to moodle?,Upload homework via Moodle (moodle.sdu.edu.kz) under the relevant course.,needs_review,,FAQ0702,129,2,2024-10-30,University related/По университету/Университет бойынша,en,numbered,Upload homework via Moodle (moodle.sdu.edu.kz) under the relevant course.,,,
R129_Q03,en,What percentage do you need to close the semester to stay on the scholarship?,You need at least 70% average to keep the scholarship (50–70% just closes the subject without a retake).,needs_review,"Проверить актуальность чисел, сроков, стоимости или должностей.",FAQ0703,129,3,2024-10-30,University related/По университету/Университет бойынша,en,numbered,You need at least 70% average to keep the scholarship (50–70% just closes the subject without a retake).,,,
R129_Q04,en,What does the we sdu club do?,"""We SDU"" club generally focuses on student community/volunteering initiatives — check their Instagram for current activities.",needs_review,,FAQ0704,129,4,2024-10-30,University related/По университету/Университет бойынша,en,numbered,"""We SDU"" club generally focuses on student community/volunteering initiatives — check their Instagram for current activities.",,,
R130_Q01,kk,"Бастапқы кезенде университетке келгенде, грантта білім алып жатырсамда, сду сайтында қарыз бар деп оқу ақшасын төлеуді талап етілуі сұралды. Осы мәселе барысында платформаға тіркелумен біраз қиындықтар туындады. Сол мәселені қалай шешуге болады?",,alignment_review,Общий ответ без нумерации: соответствие не установлено. См. Исходные_QA.,FAQ0705,130,1,2024-10-30,The Both,,numbered,,,,
R130_Q02,kk,Универ қабырғасында мұғалімдер немесе басқа студенттер жағынан қысым көрсетілген жағдайда кімге және қандай ұйымдарға өтініш тастай аламын?,,alignment_review,Общий ответ без нумерации: соответствие не установлено. См. Исходные_QA.,FAQ0706,130,2,2024-10-30,The Both,,numbered,,,,
R130_Q03,kk,"Грант бойынша бір факультетте білім алу барысында, грантты толық немесе бөлігін сақтап қалып басқа факультет мамандығына ауыса аламын ба? және ауысу мүмкін болса қандай іс әрекеттер жасалуы қажет?",,alignment_review,Общий ответ без нумерации: соответствие не установлено. См. Исходные_QA.,FAQ0707,130,3,2024-10-30,The Both,,numbered,,,,
R130_Q04,kk,"Универ ішіндегі жұмыс жасау және жұмыспен қамту қалай жұмыс жасайды?Білім алып жүріп, жұмыс жасауға немесе стажерлық өтуге арналған, бірінші курс студенттеріне қандай бағдарламалар қарастырылған?",,alignment_review,Общий ответ без нумерации: соответствие не установлено. См. Исходные_QA.,FAQ0708,130,4,2024-10-30,The Both,,numbered,,,,
R130_Q05,kk,"Жеке тұлға ретінде жаңа ұйым немесе клуб ашқым келген жағдайда, қандай документтер жинақтау керек, қандай талаптарға сай болу керек және жалпы клуб жұмыс жасау барысын кім қадағалайды?",,alignment_review,Общий ответ без нумерации: соответствие не установлено. См. Исходные_QA.,FAQ0709,130,5,2024-10-30,The Both,,numbered,,,,
R130_Q06,kk,"Жатаханада жекешіл мерекелер, бөлме безендірулер немесе қосымша активити жарыстарын ұйымдастыру үшін не істеу керек? Кімге байланысу қажет?",,alignment_review,Общий ответ без нумерации: соответствие не установлено. См. Исходные_QA.,FAQ0710,130,6,2024-10-30,The Both,,numbered,,,,
R130_Q07,kk,"Алдағы уақытта мамандығым бойынша жұмыс жасауға, университет қандай кепілдік бере алады және осы бағытта қандай іс шаралар жүргізілуде?",,alignment_review,Общий ответ без нумерации: соответствие не установлено. См. Исходные_QA.,FAQ0711,130,7,2024-10-30,The Both,,numbered,,,,
R130_Q08,kk,СДУ ішіндегі мамандар қатарына қосылу (яғни аса жоғары мүмкіндіктер байқалған жағдайда) студенттер үшін мүмкін бе?,,alignment_review,Общий ответ без нумерации: соответствие не установлено. См. Исходные_QA.,FAQ0712,130,8,2024-10-30,The Both,,numbered,,,,
R130_Q09,kk,"Егерде алдағы уақытта Work and Travel жобасымен шетелге кеткен жағдайда, университеттегі білім алу басталу сәті (02.09) кешігіп келген жағдайда, университет тарапынан қандай жеңілдіктер көрсетілуі мүмкін? Жалпы СДУ осындай қосымша бағдарламаларды қаншалықты қолдайды",,alignment_review,Общий ответ без нумерации: соответствие не установлено. См. Исходные_QA.,FAQ0713,130,9,2024-10-30,The Both,,numbered,,,,
R130_Q10,kk,"Білім беруші Лектор қасына ЕДУ факультетінде білім алмай, қалай стажер немесе көмектесуші ретінде жұмыс атқаруға болады?",,alignment_review,Общий ответ без нумерации: соответствие не установлено. См. Исходные_QA.,FAQ0714,130,10,2024-10-30,The Both,,numbered,,,,
R131_Q01,kk,Универ қаншада ашылады?,"Универ таңертең ерте ашылады, нақты уақыты блокқа байланысты.",needs_review,,FAQ0715,131,1,2024-10-30,the both ,kk,numbered,"Универ таңертең ерте ашылады, нақты уақыты блокқа байланысты.",,,
R131_Q02,kk,Жатақхана кешігетін болғанда не істеу керек?,"Кешігетін болсаңыз, ресепшенге 30 минут бұрын хабарлаңыз.",needs_review,"Проверить актуальность чисел, сроков, стоимости или должностей.",FAQ0716,131,2,2024-10-30,the both ,kk,numbered,"Кешігетін болсаңыз, ресепшенге 30 минут бұрын хабарлаңыз.",,,
R131_Q03,kk,Апта соңында өзге жерде қалу үшін қалай сұранамыз?,Апта соңында қалу үшін ата-анаңыз ресепшенге хат/өтініш жазуы керек.,needs_review,,FAQ0717,131,3,2024-10-30,the both ,kk,numbered,Апта соңында қалу үшін ата-анаңыз ресепшенге хат/өтініш жазуы керек.,,,
R131_Q04,kk,Жатақхана қолдануға болмайтын заттар?,"Электр аспаптары (мультиварка, үтік, ұзартқыш) тыйым салынған заттар қатарында.",needs_review,,FAQ0718,131,4,2024-10-30,the both ,kk,numbered,"Электр аспаптары (мультиварка, үтік, ұзартқыш) тыйым салынған заттар қатарында.",,,
R131_Q05,kk,Демалыс бөлмесінде діни ритуалдар жасауға болама?,Демалыс бөлмесінде тыныш діни рәсімдер жасауға болады.,needs_review,,FAQ0719,131,5,2024-10-30,the both ,kk,numbered,Демалыс бөлмесінде тыныш діни рәсімдер жасауға болады.,,,
R131_Q06,kk,UNO ойнауға боладыма?,"Иә, ойындарға тыйым жоқ.",needs_review,,FAQ0720,131,6,2024-10-30,the both ,kk,numbered,"Иә, ойындарға тыйым жоқ.",,,
R131_Q07,kk,Универге жануарлар алыпк елуге боладыма?,Жануарларды кампусқа алып кіруге болмайды.,needs_review,,FAQ0721,131,7,2024-10-30,the both ,kk,numbered,Жануарларды кампусқа алып кіруге болмайды.,,,
R131_Q08,kk,Жатақхана жануарлар асырауға боладыма?,Жатақханада жануар асырауға болмайды.,needs_review,,FAQ0722,131,8,2024-10-30,the both ,kk,numbered,Жатақханада жануар асырауға болмайды.,,,
R131_Q09,kk,Жатақхана саудамен айналысса боладыма?,"Жоқ, жатақханада сауда жасауға тыйым салынған.",needs_review,,FAQ0723,131,9,2024-10-30,the both ,kk,numbered,"Жоқ, жатақханада сауда жасауға тыйым салынған.",,,
R131_Q10,kk,Жатақханаға 22:00 ден кешігіп қалса болады?,"Кешігуге болады, бірақ ресепшенге алдын ала хабарлау керек.",needs_review,"Проверить актуальность чисел, сроков, стоимости или должностей.",FAQ0724,131,10,2024-10-30,the both ,kk,numbered,"Кешігуге болады, бірақ ресепшенге алдын ала хабарлау керек.",,,
R131_Q11,kk,"АБИ,АБЛА Деген кіндер?",Аби/абла — сізге көмектесетін жоғары курс студент-көмекшілер.,needs_review,,FAQ0725,131,11,2024-10-30,the both ,kk,numbered,Аби/абла — сізге көмектесетін жоғары курс студент-көмекшілер.,,,
R131_Q12,kk,Жатақхана қалай тіркеледі ?,Жатақханаға тіркелу телеграм-бот арқылы жүзеге асады.,needs_review,,FAQ0726,131,12,2024-10-30,the both ,kk,numbered,Жатақханаға тіркелу телеграм-бот арқылы жүзеге асады.,,,
R132_Q01,kk,Жатақханада тамақтарды бөлмеде сақтауға бола ма?,"Бөлмеде тамақ сақтауға болады, бірақ пісіруге тыйым салынған.",verified,Author-supplied updated answer; imported without rewriting.,FAQ0727,132,1,2024-10-30,both,kk,numbered,"Бөлмеде тамақ сақтауға болады, бірақ пісіруге тыйым салынған.",,,
R132_Q02,kk,Расписание құрғанда квота жетпеген жағдайда не істейміз?,"Квота жетпесе, деканатқа барып ашуын сұрауға немесе басқа семестрде жабуға болады.",verified,Author-supplied updated answer; imported without rewriting.,FAQ0728,132,2,2024-10-30,both,kk,numbered,"Квота жетпесе, деканатқа барып ашуын сұрауға немесе басқа семестрде жабуға болады.",,,
R132_Q03,kk,Жексенбі күні Сду ішіндегі маркет жұмыс жасай ма?,Жексенбіде маркет жұмыс істемейді.,verified,Author-supplied updated answer; imported without rewriting.,FAQ0729,132,3,2024-10-30,both,kk,numbered,Жексенбіде маркет жұмыс істемейді.,,,
R132_Q04,kk,Намазхана қай жерде орналасқан?,Намазхана блоктың цокольды қабатында орналасқан.,verified,Author-supplied updated answer; imported without rewriting.,FAQ0730,132,4,2024-10-30,both,kk,numbered,Намазхана блоктың цокольды қабатында орналасқан.,,,
R132_Q05,kk,"3,4-ші курста оқылатын сабақтарды 1,2-ші курста оқып тастаған жағдайда, диплом жазғанда қиындық тудырады ма?","Пәндерді ерте оқу диплом жазуға кедергі келтірмейді, тек кезектілікті сақтау керек.",verified,Author-supplied updated answer; imported without rewriting.,FAQ0731,132,5,2024-10-30,both,kk,numbered,"Пәндерді ерте оқу диплом жазуға кедергі келтірмейді, тек кезектілікті сақтау керек.",,,
R132_Q06,kk,Жатақханаға семестрдын ортасында орналасуға бола ма?,"Иә, бос орын болса, семестр ортасында да орналасуға болады.",verified,Author-supplied updated answer; imported without rewriting.,FAQ0732,132,6,2024-10-30,both,kk,numbered,"Иә, бос орын болса, семестр ортасында да орналасуға болады.",,,
R132_Q07,kk,"Жатақханада бірінші семестрде басқа қыздармен, екінші семестрде басқа қыздармен жатамыз ба? Бөлмелер, адамдар ауысады ма?","Әдетте семестр сайын бөлмелер өзгермейді, бірақ ерекше жағдайда ауысу мүмкін.",verified,Author-supplied updated answer; imported without rewriting.,FAQ0733,132,7,2024-10-30,both,kk,numbered,"Әдетте семестр сайын бөлмелер өзгермейді, бірақ ерекше жағдайда ауысу мүмкін.",,,
R132_Q08,kk,Жатақханаға светильник алып келуге бола ма?,"Кіші светильникке рұқсат етіледі, электр қуатына назар аударыңыз.",verified,Author-supplied updated answer; imported without rewriting.,FAQ0734,132,8,2024-10-30,both,kk,numbered,"Кіші светильникке рұқсат етіледі, электр қуатына назар аударыңыз.",,,
R132_Q09,kk,Жатақханада бірінші семестрден кейін заттарымызды қалдырып кетсек бола ма?,"Заттарды қалдыруға болады, бірақ жауапкершілік өз мойныңызда.",verified,Author-supplied updated answer; imported without rewriting.,FAQ0735,132,9,2024-10-30,both,kk,numbered,"Заттарды қалдыруға болады, бірақ жауапкершілік өз мойныңызда.",,,
R132_Q10,kk,Жатақханада уборка қай күндері өтеді?,Уборка кестесі жатақхана әкімшілігінде белгіленеді.,verified,Author-supplied updated answer; imported without rewriting.,FAQ0736,132,10,2024-10-30,both,kk,numbered,Уборка кестесі жатақхана әкімшілігінде белгіленеді.,,,
R132_Q11,kk,Асхана қай уақыт аралықтарында ашық болады?,"Асхана шамамен 13:00-15:00 (түскі), кешкі ас 15:00–19:00 аралығында ашық.",verified,Author-supplied updated answer; imported without rewriting.,FAQ0737,132,11,2024-10-30,both,kk,numbered,"Асхана шамамен 13:00-15:00 (түскі), кешкі ас 15:00–19:00 аралығында ашық.",,,
R132_Q12,kk,"Физра-дан final, midterm дегендер бола ма?","Физрадан midterm/final жоқ, тек attendance және норматив бағаланады.",verified,Author-supplied updated answer; imported without rewriting.,FAQ0738,132,12,2024-10-30,both,kk,numbered,"Физрадан midterm/final жоқ, тек attendance және норматив бағаланады.",,,
R132_Q13,kk,Final-дар жексенбі күндері де болады деген рас па?,"Иә, кейбір финалдар жексенбіге де жоспарлануы мүмкін.",verified,Author-supplied updated answer; imported without rewriting.,FAQ0739,132,13,2024-10-30,both,kk,numbered,"Иә, кейбір финалдар жексенбіге де жоспарлануы мүмкін.",,,
R132_Q14,kk,Семестр ортасында белгілі бір пәннен мұғалімді ауыстыруға бола ма?,"Мүмкін, деканатқа өтініш арқылы.",verified,Author-supplied updated answer; imported without rewriting.,FAQ0740,132,14,2024-10-30,both,kk,numbered,"Мүмкін, деканатқа өтініш арқылы.",,,
R132_Q15,kk,Сабаққа максимум қанша минут кешігуге болады?,Әдетте 10–15 минутқа дейін кешігуге болады.,verified,Author-supplied updated answer; imported without rewriting.,FAQ0741,132,15,2024-10-30,both,kk,numbered,Әдетте 10–15 минутқа дейін кешігуге болады.,,,
R132_Q16,kk,"Мұғалім 15 минут ішінде келмесе, студенттердің кете беруіне бола ма?","Иә, мұғалім 15 минутта келмесе, кетуге болады.",verified,Author-supplied updated answer; imported without rewriting.,FAQ0742,132,16,2024-10-30,both,kk,numbered,"Иә, мұғалім 15 минутта келмесе, кетуге болады.",,,
R132_Q17,kk,Неге жатақханада тамақ істеуге рұқсат жоқ?,Өрт қауіпсіздігі мен электр қуатына байланысты тыйым салынған.,verified,Author-supplied updated answer; imported without rewriting.,FAQ0743,132,17,2024-10-30,both,kk,numbered,Өрт қауіпсіздігі мен электр қуатына байланысты тыйым салынған.,,,
R133_Q01,ru,Есть ли в универе icpc club?,"Да, ICPC-клуб есть.",needs_review,Фрагмент общего ответа сопоставлен по смыслу; проверить соответствие. Одинаковый вопрос имеет разные ответы; сверить записи R094_Q01.,FAQ0441,133,1,2024-10-31,University related/По университету/Университет бойынша,ru,semantic_review,"Да, ICPC-клуб есть.",,,
R133_Q02,ru,Если есть как я могу туда войти?,"Чтобы вступить в ICPC-клуб, нужно решить определённое количество задач и пройти отбор.",needs_review,Фрагмент общего ответа сопоставлен по смыслу; проверить соответствие. Одинаковый вопрос имеет разные ответы; сверить записи R094_Q02.,FAQ0442,133,2,2024-10-31,University related/По университету/Университет бойынша,ru,semantic_review,"Чтобы вступить в ICPC-клуб, нужно решить определённое количество задач и пройти отбор.",,,
R133_Q03,ru,"Можно ли договориться с преподавателем о времени урока? Например, у меня урок во вторник, но я буду участвовать в уроке в среду с другой группой.",Зависит от преподавателя — можно попробовать договориться.,needs_review,"Фрагмент общего ответа сопоставлен по смыслу; проверить соответствие. Проверить актуальность чисел, сроков, стоимости или должностей. Одинаковый вопрос имеет разные ответы; сверить записи R094_Q03.",FAQ0443,133,3,2024-10-31,University related/По университету/Университет бойынша,ru,semantic_review,Зависит от преподавателя — можно попробовать договориться.,,,
R133_Q04,ru,"Правда ли, что есть бот, который показывает пустые кабинеты? Если есть, то какой у него ник? Если нет, то как быстро найти пустые кабинеты?",Бота для поиска пустых кабинетов нет — быстрее спросить у одногруппников или в общих чатах.,needs_review,Фрагмент общего ответа сопоставлен по смыслу; проверить соответствие.,FAQ0744,133,4,2024-10-31,University related/По университету/Университет бойынша,ru,semantic_review,Бота для поиска пустых кабинетов нет — быстрее спросить у одногруппников или в общих чатах.,,,
R133_Q05,ru,Что делать если пароль на мудл не меняется?,Если пароль в Moodle не меняется — обратиться в IT Helpdesk / деканат.,needs_review,Фрагмент общего ответа сопоставлен по смыслу; проверить соответствие. Одинаковый вопрос имеет разные ответы; сверить записи R094_Q04.,FAQ0444,133,5,2024-10-31,University related/По университету/Университет бойынша,ru,semantic_review,Если пароль в Moodle не меняется — обратиться в IT Helpdesk / деканат.,,,
R134_Q01,ru,Почему так много собак на территории университета?,Официальной причины наличия собак на территории SDU не публикует.,needs_review,,FAQ0745,134,1,2024-10-31,University related/По университету/Университет бойынша,ru,numbered,Официальной причины наличия собак на территории SDU не публикует.,,,
R134_Q02,ru,"Почему некоторые адвайзеры не выполняют свою работу должным образом(игнорируют, не отвечают)?",Если адвайзер не отвечает — обратиться в Student Service Center или деканат.,needs_review,,FAQ0746,134,2,2024-10-31,University related/По университету/Университет бойынша,ru,numbered,Если адвайзер не отвечает — обратиться в Student Service Center или деканат.,,,
R134_Q03,ru,Почему так мало мест для отдыха?,Мест для отдыха действительно немного из-за роста числа студентов.,needs_review,,FAQ0747,134,3,2024-10-31,University related/По университету/Университет бойынша,ru,numbered,Мест для отдыха действительно немного из-за роста числа студентов.,,,
R134_Q04,ru,Почему фильтры для воды не меняют?,О замене фильтров для воды нужно сообщать в Maintenance Department,needs_review,,FAQ0748,134,4,2024-10-31,University related/По университету/Университет бойынша,ru,numbered,О замене фильтров для воды нужно сообщать в Maintenance Department,,,
R135_Q01,en,"The chairs in the library are not comfortable, many are broken",The tables need to be updated,needs_review,,FAQ0749,135,1,2024-10-31,240107105.0,en,numbered,The tables need to be updated,,,
R135_Q02,en,On the ground floor next to the tennis room there is a basement where a tennis ball always falls; the door is not open; you will have to jump,You need to leave the door open,needs_review,,FAQ0750,135,2,2024-10-31,240107105.0,en,numbered,You need to leave the door open,,,
R135_Q03,en,"When it rains heavily, water leaks out of the university ceiling","Regarding this, I think you should first check where it’s leaking from and then cover it up",needs_review,,FAQ0751,135,3,2024-10-31,240107105.0,en,numbered,"Regarding this, I think you should first check where it’s leaking from and then cover it up",,,
R136_Q01,ru,Существует ли квоты или же гранты для людей с ограниченными возможностями?,"Да, для людей с ограниченными возможностями предусмотрены социальные квоты при поступлении.",content_review,"Неуверенность, предположение или отсутствие подтверждения в исходном ответе.",FAQ0752,136,1,2024-10-31,University related/По университету/Университет бойынша,ru,numbered,"Да, для людей с ограниченными возможностями предусмотрены социальные квоты при поступлении.",,,
R136_Q02,ru,Есть ли в территорий СДУ место для курения?,"Да, на территории SDU есть 2 отведённые зоны для курения.",needs_review,"Проверить актуальность чисел, сроков, стоимости или должностей.",FAQ0753,136,2,2024-10-31,University related/По университету/Университет бойынша,ru,numbered,"Да, на территории SDU есть 2 отведённые зоны для курения.",,,
R136_Q03,ru,Насколько сильно влияет ретейк на GPA если все остальные предметы закрыты на 90+ баллов?,"Ретейк ставит оценку NP, что снижает средний GPA пропорционально количеству кредитов предмета, даже если остальные предметы закрыты на 90+.",needs_review,"Проверить актуальность чисел, сроков, стоимости или должностей.",FAQ0754,136,3,2024-10-31,University related/По университету/Университет бойынша,ru,numbered,"Ретейк ставит оценку NP, что снижает средний GPA пропорционально количеству кредитов предмета, даже если остальные предметы закрыты на 90+.",,,
R136_Q04,ru,"Почему нельзя забираться на террасу СДУ, при том что она обеспечена полной безопасностью?","Терраса закрыта для прохода по соображениям безопасности, несмотря на ограждения.",needs_review,,FAQ0755,136,4,2024-10-31,University related/По университету/Университет бойынша,ru,numbered,"Терраса закрыта для прохода по соображениям безопасности, несмотря на ограждения.",,,
R136_Q05,ru,Какие возможности для стажировок и практики предлагает университет студентам во время обучения?,"Практику предлагают Beta Career, Techno Park и программа Zhas Maman.",needs_review,,FAQ0756,136,5,2024-10-31,University related/По университету/Университет бойынша,ru,numbered,"Практику предлагают Beta Career, Techno Park и программа Zhas Maman.",,,
R136_Q06,ru,Стоит ли забрасывать прекрасную учебу СДУ ради личной карьерной лестницы?,Это личный выбор — многие успешно совмещают учёбу и карьеру.,needs_review,"Проверить актуальность чисел, сроков, стоимости или должностей.",FAQ0757,136,6,2024-10-31,University related/По университету/Университет бойынша,ru,numbered,Это личный выбор — многие успешно совмещают учёбу и карьеру.,,,
R137_Q01,kk,Баға теңестіру мәселесі бойынша сұрақ болса кімге жолығу керек?,Баға теңестіру бойынша Student Service Center-ге хат жазу керек.,needs_review,"Проверить актуальность чисел, сроков, стоимости или должностей.",FAQ0758,137,1,2024-10-31,Both ,kk,numbered,Баға теңестіру бойынша Student Service Center-ге хат жазу керек.,,,
R137_Q02,kk,Ниш түлектеріне қандай пәндерді жауып береді?,НИШ түлектеріне жабылатын пәндер тізімі деканатта нақтыланады.,needs_review,,FAQ0759,137,2,2024-10-31,Both ,kk,numbered,НИШ түлектеріне жабылатын пәндер тізімі деканатта нақтыланады.,,,
R137_Q03,kk,Exchange year қай курс студенттеріне арналған?,Exchange year әдетте 3-ші курс студенттеріне арналған.,needs_review,"Проверить актуальность чисел, сроков, стоимости или должностей.",FAQ0760,137,3,2024-10-31,Both ,kk,numbered,Exchange year әдетте 3-ші курс студенттеріне арналған.,,,
R137_Q04,kk,Қыздар дормында координаторды қайдан табуға болады?,Қыздар дорм координаторын ресепшеннен немесе абладан табуға болады.,needs_review,,FAQ0761,137,4,2024-10-31,Both ,kk,numbered,Қыздар дорм координаторын ресепшеннен немесе абладан табуға болады.,,,
R137_Q05,kk,Спортпен айналысу залы тегін бе?,"SDU Life спорт залы ақылы, ал негізгі PE сабақтары тегін.",needs_review,,FAQ0762,137,5,2024-10-31,Both ,kk,numbered,"SDU Life спорт залы ақылы, ал негізгі PE сабақтары тегін.",,,
R137_Q06,kk,Түрік тілін қай деңгейге дейін оқимыз?,Түрік тілі деңгейлер бойынша (Elementary-ден Advanced-қа дейін) оқытылады.,needs_review,,FAQ0763,137,6,2024-10-31,Both ,kk,numbered,Түрік тілі деңгейлер бойынша (Elementary-ден Advanced-қа дейін) оқытылады.,,,
R137_Q07,kk,"Түрік тілін білсен, тест тапсырып жауып тастауға болады ма?","Иә, білсеңіз, бас мұғаліммен тест тапсырып жабуға болады.",needs_review,,FAQ0764,137,7,2024-10-31,Both ,kk,numbered,"Иә, білсеңіз, бас мұғаліммен тест тапсырып жабуға болады.",,,
R137_Q08,kk,Beta career практикасының критерийлері,"Beta Career критерийлері: GPA, өтініш және сұхбат негізінде іріктеу.",needs_review,,FAQ0765,137,8,2024-10-31,Both ,kk,numbered,"Beta Career критерийлері: GPA, өтініш және сұхбат негізінде іріктеу.",,,
R137_Q09,kk,"Соңғы курста практиканы, стажировканы университет тауып береді ме?","Толық кепілдік жоқ, бірақ Beta Career көмектеседі.",needs_review,,FAQ0766,137,9,2024-10-31,Both ,kk,numbered,"Толық кепілдік жоқ, бірақ Beta Career көмектеседі.",,,
R137_Q10,kk,Медпункт қай жерде орналасқан?,Медпункт D блокта орналасқан.,needs_review,,FAQ0767,137,10,2024-10-31,Both ,kk,numbered,Медпункт D блокта орналасқан.,,,
R137_Q11,kk,Маркеттер жұмыс істеу кестесі қандай?,Маркеттер шамамен таңғы 9-дан кешкі 23:00-ге дейін жұмыс істейді.,needs_review,"Проверить актуальность чисел, сроков, стоимости или должностей.",FAQ0768,137,11,2024-10-31,Both ,kk,numbered,Маркеттер шамамен таңғы 9-дан кешкі 23:00-ге дейін жұмыс істейді.,,,
R137_Q12,kk,Дорм коридорына киім ілсем түсініктеме жазуға міндеттімін бе?,Кейбір жағдайда түсініктеме жазу талап етілуі мүмкін.,needs_review,,FAQ0769,137,12,2024-10-31,Both ,kk,numbered,Кейбір жағдайда түсініктеме жазу талап етілуі мүмкін.,,,
R137_Q13,kk,"Координаторлар мен эдвайзерлер өз жұмыстарын атқармаса, мәселені шешу үшін қайда бару керек?",Мұндай жағдайда Student Service Center немесе деканатқа жүгінген жөн.,needs_review,,FAQ0770,137,13,2024-10-31,Both ,kk,numbered,Мұндай жағдайда Student Service Center немесе деканатқа жүгінген жөн.,,,
R137_Q14,kk,Коммендантский час кезінде доставка келсе шығуға болады ма?,"Комендантшылық сағатта жеткізуші үшін шығуға рұқсат жоқ, ресепшенге хабарлау керек.",needs_review,"Проверить актуальность чисел, сроков, стоимости или должностей.",FAQ0771,137,14,2024-10-31,Both ,kk,numbered,"Комендантшылық сағатта жеткізуші үшін шығуға рұқсат жоқ, ресепшенге хабарлау керек.",,,
R137_Q15,kk,Дормнан бірнеше күнге шығуға арналған қолхатты кімге жіберу керек?,Қолхатты жатақхана ресепшеніне немесе ата-анаңыз арқылы жіберу керек.,needs_review,,FAQ0772,137,15,2024-10-31,Both ,kk,numbered,Қолхатты жатақхана ресепшеніне немесе ата-анаңыз арқылы жіберу керек.,,,
R137_Q16,kk,Порошок сатып алу керек пе?,"Иә, жуғыш ұнтақты өзіңіз алып келуіңіз керек.",needs_review,,FAQ0773,137,16,2024-10-31,Both ,kk,numbered,"Иә, жуғыш ұнтақты өзіңіз алып келуіңіз керек.",,,
R137_Q17,kk,Өзіңмен бірге үтік алу керек пе?,"Жоқ, жатақханада үтік бөлмесі бар, өз үтігіңізді алып келу міндетті емес.",needs_review,,FAQ0774,137,17,2024-10-31,Both ,kk,numbered,"Жоқ, жатақханада үтік бөлмесі бар, өз үтігіңізді алып келу міндетті емес.",,,
R137_Q18,kk,Мұғалімдердің оффис аурстары мен кабинеттерін қайдан табуға болады?,Мұғалімдердің office hours және кабинеттерін порталда/Moodle-де көруге болады.,needs_review,"Проверить актуальность чисел, сроков, стоимости или должностей.",FAQ0775,137,18,2024-10-31,Both ,kk,numbered,Мұғалімдердің office hours және кабинеттерін порталда/Moodle-де көруге болады.,,,
R138_Q01,ru,Где можно взять шарики и ракетки для тенниса в СДУ?,В маркете на первом этаже,verified,Author-supplied updated answer; imported without rewriting.,FAQ0776,138,1,2024-10-31,University related/По университету/Университет бойынша,ru,numbered,В маркете на первом этаже,,,
R138_Q02,ru,Преподают ли уроки магистранты и студенты?,"Да, некоторые занятия ведут магистранты и старшие студенты (в качестве ассистентов).",verified,Author-supplied updated answer; imported without rewriting.,FAQ0777,138,2,2024-10-31,University related/По университету/Университет бойынша,ru,numbered,"Да, некоторые занятия ведут магистранты и старшие студенты (в качестве ассистентов).",,,
R138_Q03,ru,Сколько дней в неделю минимум можно учиться в СДУ?,"Минимум — 3 дня в неделю, в зависимости от составленного расписания.",verified,Author-supplied updated answer; imported without rewriting.,FAQ0778,138,3,2024-10-31,University related/По университету/Университет бойынша,ru,numbered,"Минимум — 3 дня в неделю, в зависимости от составленного расписания.",,,
R138_Q04,ru,Сколько дней в неделю максимум можно учиться в СДУ?,Максимум — 6 дней в неделю (расписание может включать субботу).,verified,Author-supplied updated answer; imported without rewriting.,FAQ0779,138,4,2024-10-31,University related/По университету/Университет бойынша,ru,numbered,Максимум — 6 дней в неделю (расписание может включать субботу).,,,
R138_Q05,ru,Можно ли заезжать на машине в территорию университета?,"Заезжать могут только сотрудники СДУ, студентам въезд на машине обычно не разрешён.",verified,Author-supplied updated answer; imported without rewriting.,FAQ0780,138,5,2024-10-31,University related/По университету/Университет бойынша,ru,numbered,"Заезжать могут только сотрудники СДУ, студентам въезд на машине обычно не разрешён.",,,
R138_Q06,ru,Где есть запасные выходы в университете?,"Запасные выходы есть в каждом блоке, обычно расположены по бокам здания — уточните на плане эвакуации у входа в блок.",verified,Author-supplied updated answer; imported without rewriting.,FAQ0781,138,6,2024-10-31,University related/По университету/Университет бойынша,ru,numbered,"Запасные выходы есть в каждом блоке, обычно расположены по бокам здания — уточните на плане эвакуации у входа в блок.",,,
R139_Q01,kk,Сдуда максимум қанша клуб болуы мүмкін?,"Клубтар санына нақты шек жоқ, СДУ-де 40+ клуб жұмыс істейді.",verified,Author-supplied updated answer; imported without rewriting.,FAQ0782,139,1,2024-10-31,University related/По университету/Университет бойынша,kk,numbered,"Клубтар санына нақты шек жоқ, СДУ-де 40+ клуб жұмыс істейді.",,,
R139_Q02,kk,1-ші семестр стипендиядан құлап қалған жағдайда келесі семестр жақсы оқып стипендия қайтарып алуға болады ма?,"Иә, келесі семестрде юарлық курсты 70+ жапсаңыз, стипендияны қайта ала аласыз.",verified,Author-supplied updated answer; imported without rewriting.,FAQ0783,139,2,2024-10-31,University related/По университету/Университет бойынша,kk,numbered,"Иә, келесі семестрде юарлық курсты 70+ жапсаңыз, стипендияны қайта ала аласыз.",,,
R139_Q03,kk,Универде бакалаврды бітіргеннен кейін бірнеше диплом алуға болады ма?,"Иә, бакалавриаттан кейін магистратура немесе қосымша мамандық бойынша оқып, тағы диплом алуға болады.",verified,Author-supplied updated answer; imported without rewriting.,FAQ0784,139,3,2024-10-31,University related/По университету/Университет бойынша,kk,numbered,"Иә, бакалавриаттан кейін магистратура немесе қосымша мамандық бойынша оқып, тағы диплом алуға болады.",,,
R139_Q04,kk,Неге Сдуда квоталарға байланысты жеңілдіктер жоқ?,"Квоталар бойынша жеңілдіктер бар (мыс. оралмандар мен ерекше санаттарға), бірақ олар барлық топты қамтымауы мүмкін — нақты тізімін Қабылдау комиссиясынан сұраңыз.",verified,Author-supplied updated answer; imported without rewriting.,FAQ0785,139,4,2024-10-31,University related/По университету/Университет бойынша,kk,numbered,"Квоталар бойынша жеңілдіктер бар (мыс. оралмандар мен ерекше санаттарға), бірақ олар барлық топты қамтымауы мүмкін — нақты тізімін Қабылдау комиссиясынан сұраңыз.",,,
R139_Q05,kk,Ғылыми математикада оқитын студенттер ағылшынша қаншалықты жақсы біліп шығады?,"Деңгейі жоғары болады, себебі көптеген пәндер тек ағылшын тілінде өтеді.",verified,Author-supplied updated answer; imported without rewriting.,FAQ0786,139,5,2024-10-31,University related/По университету/Университет бойынша,kk,numbered,"Деңгейі жоғары болады, себебі көптеген пәндер тек ағылшын тілінде өтеді.",,,
R139_Q06,kk,Сдуда мектептегідей екі адамдық парталары бар сынып бар ма?,"Иә, кейбір шағын аудиторияларда мектептегідей екі адамдық парталар бар.",verified,Author-supplied updated answer; imported without rewriting.,FAQ0787,139,6,2024-10-31,University related/По университету/Университет бойынша,kk,numbered,"Иә, кейбір шағын аудиторияларда мектептегідей екі адамдық парталар бар.",,,
R140_Q01,kk,Барлык блокқа лифт кашан салынады,"Барлық блокқа лифт орнату жоспары ресми жарияланбаған; қазір лифт D, E, F, G, H, I блоктарында бар.",verified,Author-supplied updated answer; imported without rewriting.,FAQ0788,140,1,2024-10-31,University related/По университету/Университет бойынша,kk,numbered,"Барлық блокқа лифт орнату жоспары ресми жарияланбаған; қазір лифт D, E, F, G, H, I блоктарында бар.",,,
R140_Q02,en,"Programs & Majors: What programs and majors does SDU offer, and what are the popular fields of study?","SDU offers programs across Engineering, Business, Law, Education & Humanities, and Natural Sciences faculties (e.g. Computer Science, Data Science, IT, Economics, Management, Law, Psychology). Popular fields include CS/Data Science and Business.",verified,Author-supplied updated answer; imported without rewriting.,FAQ0789,140,2,2024-10-31,University related/По университету/Университет бойынша,en,numbered,"SDU offers programs across Engineering, Business, Law, Education & Humanities, and Natural Sciences faculties (e.g. Computer Science, Data Science, IT, Economics, Management, Law, Psychology). Popular fields include CS/Data Science and Business.",,,
R140_Q03,en,Application Requirements: What are the admission requirements for international students?,"International applicants typically need a completed secondary education certificate, English proficiency (IELTS or SDU's internal test), and passport/visa documents — apply through the Admissions Office.",verified,Author-supplied updated answer; imported without rewriting.,FAQ0790,140,3,2024-10-31,University related/По университету/Университет бойынша,en,numbered,"International applicants typically need a completed secondary education certificate, English proficiency (IELTS or SDU's internal test), and passport/visa documents — apply through the Admissions Office.",,,
R140_Q04,en,"Scholarships: Does SDU provide scholarships or financial aid, and how can students apply for them?","Yes, SDU offers state grants, rector's grants, and merit-based scholarships. Apply through the Student Service Center (SSC) during scholarship call periods listed in the Academic Calendar.",verified,Author-supplied updated answer; imported without rewriting.,FAQ0791,140,4,2024-10-31,University related/По университету/Университет бойынша,en,numbered,"Yes, SDU offers state grants, rector's grants, and merit-based scholarships. Apply through the Student Service Center (SSC) during scholarship call periods listed in the Academic Calendar.",,,
R140_Q05,en,"Student Life: What activities, clubs, or events are available on campus for student engagement?","There are 40+ student clubs (sports, tech, creative, cultural), major events like Welcome Party and SDU Fest, plus career workshops and sports sections.",verified,Author-supplied updated answer; imported without rewriting.,FAQ0792,140,5,2024-10-31,University related/По университету/Университет бойынша,en,numbered,"There are 40+ student clubs (sports, tech, creative, cultural), major events like Welcome Party and SDU Fest, plus career workshops and sports sections.",,,
R140_Q06,en,Internship & Career Support: What career support services or internship opportunities does SDU offer?,"SDU offers internship/career support through the Career Department, Beta Career program, Techno Park, and the Zhas Maman job placement program for graduates.",verified,Author-supplied updated answer; imported without rewriting.,FAQ0793,140,6,2024-10-31,University related/По университету/Университет бойынша,en,numbered,"SDU offers internship/career support through the Career Department, Beta Career program, Techno Park, and the Zhas Maman job placement program for graduates.",,,
R141_Q01,kk,Нулевой этаж кай блоктарда бар,"Нөлдік қабат негізгі блоктарда (G, H, D, E, F) бар.",verified,Author-supplied updated answer; imported without rewriting.,FAQ0794,141,1,2024-10-31,both,kk,numbered,"Нөлдік қабат негізгі блоктарда (G, H, D, E, F) бар.",,,
R141_Q02,kk,Жана блок кай факультетке жататын болады,"Жаңа ""I"" блоктың нақты факультеті ресми жарияланбаған.",verified,Author-supplied updated answer; imported without rewriting.,FAQ0795,141,2,2024-10-31,both,kk,numbered,"Жаңа ""I"" блоктың нақты факультеті ресми жарияланбаған.",,,
R141_Q03,kk,Жана блок манызы кандай,"Жаңа блок оқу орындарын кеңейтіп, студенттер санының өсуіне байланысты жүктемені азайтады.",verified,Author-supplied updated answer; imported without rewriting.,FAQ0796,141,3,2024-10-31,both,kk,numbered,"Жаңа блок оқу орындарын кеңейтіп, студенттер санының өсуіне байланысты жүктемені азайтады.",,,
R141_Q04,kk,Кай бочкада кандёр ыстимиды,"Нақты ауа-райы кондиционер жүйесіне байланысты, бочка бойынша ресми тізім жоқ.",verified,Author-supplied updated answer; imported without rewriting.,FAQ0797,141,4,2024-10-31,both,kk,numbered,"Нақты ауа-райы кондиционер жүйесіне байланысты, бочка бойынша ресми тізім жоқ.",,,
R141_Q05,kk,Канша кабинетте розетка жок универде,Нақты сан жарияланбаған.,verified,Author-supplied updated answer; imported without rewriting.,FAQ0798,141,5,2024-10-31,both,kk,numbered,Нақты сан жарияланбаған.,,,
R141_Q06,kk,Калкулустан беретин жалпы докторант мугалимдер саны,Нақты сан жарияланбаған.,verified,Author-supplied updated answer; imported without rewriting.,FAQ0799,141,6,2024-10-31,both,kk,numbered,Нақты сан жарияланбаған.,,,
R141_Q07,kk,Сдстан кска ауысып кетуге болама?,"Иә, СБС-тен басқа мамандыққа Student Service Center арқылы ауысуға болады.",verified,Author-supplied updated answer; imported without rewriting.,FAQ0800,141,7,2024-10-31,both,kk,numbered,"Иә, СБС-тен басқа мамандыққа Student Service Center арқылы ауысуға болады.",,,
R141_Q08,kk,Дормда техничкалар кай компанияга жумыс стиды?,"Жатақхана клинингі аутсорсинг компаниясы арқылы жүзеге асады, нақты компания аты жарияланбаған.",verified,Author-supplied updated answer; imported without rewriting.,FAQ0801,141,8,2024-10-31,both,kk,numbered,"Жатақхана клинингі аутсорсинг компаниясы арқылы жүзеге асады, нақты компания аты жарияланбаған.",,,
R141_Q09,kk,Грант баллдар санын неге косып жыберды?,Грант балл санының өзгеруі жыл сайынғы қабылдау квотасына байланысты.,verified,Author-supplied updated answer; imported without rewriting.,FAQ0802,141,9,2024-10-31,both,kk,numbered,Грант балл санының өзгеруі жыл сайынғы қабылдау квотасына байланысты.,,,
R141_Q10,kk,Матпед грант баллы физпедтыкынен неге кобырек,Матпед пен физпед грант баллдарының айырмашылығы сол мамандыққа деген сұраныс/бәсекелестікке байланысты.,verified,Author-supplied updated answer; imported without rewriting.,FAQ0803,141,10,2024-10-31,both,kk,numbered,Матпед пен физпед грант баллдарының айырмашылығы сол мамандыққа деген сұраныс/бәсекелестікке байланысты.,,,
R141_Q11,kk,сдста неге 3 калкулус бар,"Әр Calculus курсы (I, II, III) әр түрлі семестрде, әр түрлі тереңдікте оқытылады, сондықтан 3 бөлек курс бар.",verified,Author-supplied updated answer; imported without rewriting.,FAQ0804,141,11,2024-10-31,both,kk,numbered,"Әр Calculus курсы (I, II, III) әр түрлі семестрде, әр түрлі тереңдікте оқытылады, сондықтан 3 бөлек курс бар.",,,
R141_Q12,kk,университет неге кала шетынде орналаскан,Кампус құрылысы үшін көлемді жер керек болғандықтан қала сыртында орналасқан.,verified,Author-supplied updated answer; imported without rewriting.,FAQ0805,141,12,2024-10-31,both,kk,numbered,Кампус құрылысы үшін көлемді жер керек болғандықтан қала сыртында орналасқан.,,,
R141_Q13,kk,университетты турция президент атына койган ушин универды турецкий деп санауга болама?,"Университеттің Түркиямен тарихи байланысы бар, бірақ ол қазір халықаралық (көптілді) университет саналады.",verified,Author-supplied updated answer; imported without rewriting.,FAQ0806,141,13,2024-10-31,both,kk,numbered,"Университеттің Түркиямен тарихи байланысы бар, бірақ ол қазір халықаралық (көптілді) университет саналады.",,,
R141_Q14,kk,неге универ в толщину емес в длинну узарып жатыр,Құрылыс жоспары жер бедері мен инфрақұрылымға байланысты кеңейтіледі.,verified,Author-supplied updated answer; imported without rewriting.,FAQ0807,141,14,2024-10-31,both,kk,numbered,Құрылыс жоспары жер бедері мен инфрақұрылымға байланысты кеңейтіледі.,,,
R141_Q15,kk,неликтен екинши бильярдта шариктар жок,"Ресми түсініктеме жоқ, ресепшеннен сұраңыз.",verified,Author-supplied updated answer; imported without rewriting.,FAQ0808,141,15,2024-10-31,both,kk,numbered,"Ресми түсініктеме жоқ, ресепшеннен сұраңыз.",,,
R141_Q16,kk,С блок неге жабык,С блоктың жабық болу себебі жөнделу/қайта жабдықталу болуы мүмкін.,verified,Author-supplied updated answer; imported without rewriting.,FAQ0809,141,16,2024-10-31,both,kk,numbered,С блоктың жабық болу себебі жөнделу/қайта жабдықталу болуы мүмкін.,,,
R141_Q17,kk,Неликтен дорм маркети ар кашан жабык,Дорм маркетінің жабық кездері жұмыс кестесіне байланысты (шамамен түнгі сағат 23:00-ден кейін).,verified,Author-supplied updated answer; imported without rewriting.,FAQ0810,141,17,2024-10-31,both,kk,numbered,Дорм маркетінің жабық кездері жұмыс кестесіне байланысты (шамамен түнгі сағат 23:00-ден кейін).,,,
R141_Q18,kk,неликтен 6 шы куиз осындай форматта,Quiz форматы мұғалімнің силлабусына байланысты өзгереді.,verified,Author-supplied updated answer; imported without rewriting.,FAQ0811,141,18,2024-10-31,both,kk,numbered,Quiz форматы мұғалімнің силлабусына байланысты өзгереді.,,,
R141_Q19,kk,неге лифт тек А блокта,"Лифт әзірге А блокта ғана емес, D, E, F, H, I блоктарында бар; А блокта неге бар екені құрылыс жоспарына байланысты.",verified,Author-supplied updated answer; imported without rewriting.,FAQ0812,141,19,2024-10-31,both,kk,numbered,"Лифт әзірге А блокта ғана емес, D, E, F, H, I блоктарында бар; А блокта неге бар екені құрылыс жоспарына байланысты.",,,
R141_Q20,kk,мидка по важности кандай еки экзамен арасында тур,"Midterm мен Final арасында маңыздылығы бойынша Final жоғары (40 балл), midterm одан төмен.",verified,Author-supplied updated answer; imported without rewriting.,FAQ0813,141,20,2024-10-31,both,kk,numbered,"Midterm мен Final арасында маңыздылығы бойынша Final жоғары (40 балл), midterm одан төмен.",,,
R141_Q21,kk,кур час ретейкка калсан не болады жане болама калуга,"Ретейкке қалсаңыз, сол пәнді қайта оқисыз (жазда немесе келесі сәйкес семестрде), GPA-ге әсер етеді.",verified,Author-supplied updated answer; imported without rewriting.,FAQ0814,141,21,2024-10-31,both,kk,numbered,"Ретейкке қалсаңыз, сол пәнді қайта оқисыз (жазда немесе келесі сәйкес семестрде), GPA-ге әсер етеді.",,,
R141_Q22,kk,сду частный универма?,"Иә, СДУ жекеменшік университет.",verified,Author-supplied updated answer; imported without rewriting.,FAQ0815,141,22,2024-10-31,both,kk,numbered,"Иә, СДУ жекеменшік университет.",,,
R141_Q23,kk,дормда быр этажда канша комната жане тараф бар,"Бір қабатта әдетте бірнеше ""тараф"" (сектор) болады, әр тарафта бірнеше бөлме орналасқан — нақты саны блокқа байланысты өзгереді.",verified,Author-supplied updated answer; imported without rewriting.,FAQ0816,141,23,2024-10-31,both,kk,numbered,"Бір қабатта әдетте бірнеше ""тараф"" (сектор) болады, әр тарафта бірнеше бөлме орналасқан — нақты саны блокқа байланысты өзгереді.",,,
R141_Q24,kk,велком пати жылына нешеред болады,Welcome Party жылына бір рет өтеді.,verified,Author-supplied updated answer; imported without rewriting.,FAQ0817,141,24,2024-10-31,both,kk,numbered,Welcome Party жылына бір рет өтеді.,,,
R142_Q03,kk,жоғалған заттар группасы бар ма?,"Иә, Lost and Found телеграм-тобы бар — жоғалған заттар сол жерге жарияланады.",verified,Author-supplied updated answer; imported without rewriting.,FAQ0818,142,3,2024-10-31,University related/По университету/Университет бойынша,kk,numbered,"Иә, Lost and Found телеграм-тобы бар — жоғалған заттар сол жерге жарияланады.",,,
R142_Q06,kk,"ДШ-ға қашан , қай уақытта баруға болады ?","Дене шынықтыруға (ДШ) сабақ кестесі бойынша, кешкі сағат 17:30-ға дейін баруға болады.",verified,Author-supplied updated answer; imported without rewriting.,FAQ0819,142,6,2024-10-31,University related/По университету/Университет бойынша,kk,numbered,"Дене шынықтыруға (ДШ) сабақ кестесі бойынша, кешкі сағат 17:30-ға дейін баруға болады.",,,
R142_Q07,kk,Dorm-да қалай Әби болуға болады ?,"Әби болу үшін жатақхана әкімшілігіне өтініш беру керек, көбіне жоғары курс студенттері таңдалады.",verified,Author-supplied updated answer; imported without rewriting.,FAQ0820,142,7,2024-10-31,University related/По университету/Университет бойынша,kk,numbered,"Әби болу үшін жатақхана әкімшілігіне өтініш беру керек, көбіне жоғары курс студенттері таңдалады.",,,
R142_Q08,kk,егер мамандық бойынша жұмыс істесең сабақтардан босатыласын ба ?,"Жоқ, тікелей жұмыс сабақтан босатпайды, тек арнайы келісіммен (мыс. академиялық демалыс) шектеулі жағдайда болуы мүмкін.",verified,Author-supplied updated answer; imported without rewriting.,FAQ0821,142,8,2024-10-31,University related/По университету/Университет бойынша,kk,numbered,"Жоқ, тікелей жұмыс сабақтан босатпайды, тек арнайы келісіммен (мыс. академиялық демалыс) шектеулі жағдайда болуы мүмкін.",,,
R142_Q09,kk,киім жуу қанша тұрады ?,"Киім жуу ақылы, бағасы жатақхана прайсінде көрсетілген (шамамен машинаға 200-500 тг аралығында).",verified,Author-supplied updated answer; imported without rewriting.,FAQ0822,142,9,2024-10-31,University related/По университету/Университет бойынша,kk,numbered,"Киім жуу ақылы, бағасы жатақхана прайсінде көрсетілген (шамамен машинаға 200-500 тг аралығында).",,,
R142_Q10,kk,"клининг қай күні , сағат қаншада келеді?","Клининг күні мен уақыты жатақхана кестесіне байланысты, ресепшеннен нақтылаған жөн.",verified,Author-supplied updated answer; imported without rewriting.,FAQ0823,142,10,2024-10-31,University related/По университету/Университет бойынша,kk,numbered,"Клининг күні мен уақыты жатақхана кестесіне байланысты, ресепшеннен нақтылаған жөн.",,,
R142_Q11,kk,çalışma бөлмесі қайдан табуға болады?,"Çalışma (оқу) бөлмесі әр қабатта бар, ресепшеннен немесе аби/абладан сұраңыз.",verified,Author-supplied updated answer; imported without rewriting.,FAQ0824,142,11,2024-10-31,University related/По университету/Университет бойынша,kk,numbered,"Çalışma (оқу) бөлмесі әр қабатта бар, ресепшеннен немесе аби/абладан сұраңыз.",,,
R142_Q12,kk,Dormның қай жерінде wifi жақсы ұстайды?,Wifi ресепшен мен коридорларда жақсырақ ұстайды.,verified,Author-supplied updated answer; imported without rewriting.,FAQ0825,142,12,2024-10-31,University related/По университету/Университет бойынша,kk,numbered,Wifi ресепшен мен коридорларда жақсырақ ұстайды.,,,
R142_Q13,kk,beta careerға қашан және қалай кіруге болады ?,Beta Career-ге өтінім кезеңінде (әдетте жоғары курста) университет хабарламасы арқылы кіруге болады.,verified,Author-supplied updated answer; imported without rewriting.,FAQ0826,142,13,2024-10-31,University related/По университету/Университет бойынша,kk,numbered,Beta Career-ге өтінім кезеңінде (әдетте жоғары курста) университет хабарламасы арқылы кіруге болады.,,,
R142_Q14,kk,"prefinalдан 100% алсаң , неге finalды жауып бермиді?","Pre-final 100% болса да, Final жеке бағаланады, себебі ол қорытынды білімді тексереді.",verified,Author-supplied updated answer; imported without rewriting.,FAQ0827,142,14,2024-10-31,University related/По университету/Университет бойынша,kk,numbered,"Pre-final 100% болса да, Final жеке бағаланады, себебі ол қорытынды білімді тексереді.",,,
R142_Q15,kk,терезенің сеткасын неге алып тастамайды?,Терезе торы қауіпсіздік мақсатында алынбайды.,verified,Author-supplied updated answer; imported without rewriting.,FAQ0828,142,15,2024-10-31,University related/По университету/Университет бойынша,kk,numbered,Терезе торы қауіпсіздік мақсатында алынбайды.,,,
R142_Q16,kk,биллиярды қау уақытта ойнауға болады?,"Билиард күндізгі және кешкі бос уақытта, жатақхана ережесіне сай (22:00-ге дейін) ойнауға болады.",verified,Author-supplied updated answer; imported without rewriting.,FAQ0829,142,16,2024-10-31,University related/По университету/Университет бойынша,kk,numbered,"Билиард күндізгі және кешкі бос уақытта, жатақхана ережесіне сай (22:00-ге дейін) ойнауға болады.",,,
R142_Q17,kk,қандай мемлекеттермен курс обмена бар?,"Exchange бағдарламасы серіктес университеттерге байланысты — Түркия, Корея, Еуропа елдерімен байланыс бар.",verified,Author-supplied updated answer; imported without rewriting.,FAQ0830,142,17,2024-10-31,University related/По университету/Университет бойынша,kk,numbered,"Exchange бағдарламасы серіктес университеттерге байланысты — Түркия, Корея, Еуропа елдерімен байланыс бар.",,,
R142_Q18,kk,Dormда шаштараз барма ?,Ер балалар жатақханасында шаштараз бар.,verified,Author-supplied updated answer; imported without rewriting.,FAQ0831,142,18,2024-10-31,University related/По университету/Университет бойынша,kk,numbered,Ер балалар жатақханасында шаштараз бар.,,,
R142_Q19,kk,неге SDUда күрес секциялары жоқ?,"Күрес секциясының жоқтығына ресми түсініктеме жоқ, клуб ашу арқылы ұсынуға болады.",verified,Author-supplied updated answer; imported without rewriting.,FAQ0832,142,19,2024-10-31,University related/По университету/Университет бойынша,kk,numbered,"Күрес секциясының жоқтығына ресми түсініктеме жоқ, клуб ашу арқылы ұсынуға болады.",,,
R142_Q20,kk,ad/dropтан кешігіп қалсаң қанша теңге төлеп курс алуға болады?,"Add/drop мерзімінен кешіксеңіз, item drop үшін қосымша төлем алынады (сомасы деканатта нақтыланады).",verified,Author-supplied updated answer; imported without rewriting.,FAQ0833,142,20,2024-10-31,University related/По университету/Университет бойынша,kk,numbered,"Add/drop мерзімінен кешіксеңіз, item drop үшін қосымша төлем алынады (сомасы деканатта нақтыланады).",,,
R142_Q21,kk,ad/drop кезінде ешқандай сабақ таңдамасан не болады ?,"Ешбір пән таңдамасаңыз, сабаққа тіркелмейсіз және семестр жоспарланбай қалады — эдвайзерге жүгініңіз.",verified,Author-supplied updated answer; imported without rewriting.,FAQ0834,142,21,2024-10-31,University related/По университету/Университет бойынша,kk,numbered,"Ешбір пән таңдамасаңыз, сабаққа тіркелмейсіз және семестр жоспарланбай қалады — эдвайзерге жүгініңіз.",,,
R142_Q22,kk,MDE 160тан 4 жыл қатарынан retake алуға болама?,MDE 160-тан бірнеше рет ретейк алуға болады,verified,Author-supplied updated answer; imported without rewriting.,FAQ0835,142,22,2024-10-31,University related/По университету/Университет бойынша,kk,numbered,MDE 160-тан бірнеше рет ретейк алуға болады,,,
R142_Q23,kk,4 жыл қатарынан retake алып 5 жылға қалуға болама ?,"Иә, көп ретейк оқу мерзімін ұзартуы мүмкін.",verified,Author-supplied updated answer; imported without rewriting.,FAQ0836,142,23,2024-10-31,University related/По университету/Университет бойынша,kk,numbered,"Иә, көп ретейк оқу мерзімін ұзартуы мүмкін.",,,
R142_Q24,kk,relax zone да ұйықтауға болама ?,"Relax zone демалуға арналған, ұйықтауға тыйым салынбаған, бірақ ыңғайлы емес.",verified,Author-supplied updated answer; imported without rewriting.,FAQ0837,142,24,2024-10-31,University related/По университету/Университет бойынша,kk,numbered,"Relax zone демалуға арналған, ұйықтауға тыйым салынбаған, бірақ ыңғайлы емес.",,,
R142_Q25,kk,төрт сатып алсаң қай холодильникке қойса болады?,Жатақхана асханасындағы ортақ тоңазытқышқа қоюға болады.,verified,Author-supplied updated answer; imported without rewriting.,FAQ0838,142,25,2024-10-31,University related/По университету/Университет бойынша,kk,numbered,Жатақхана асханасындағы ортақ тоңазытқышқа қоюға болады.,,,
R142_Q26,kk,Университетте Абай апталығы болама?,"Ресми ""Абай апталығы"" туралы ақпарат жоқ, әдеби/мәдени апталар өтуі мүмкін.",verified,Author-supplied updated answer; imported without rewriting.,FAQ0839,142,26,2024-10-31,University related/По университету/Университет бойынша,kk,numbered,"Ресми ""Абай апталығы"" туралы ақпарат жоқ, әдеби/мәдени апталар өтуі мүмкін.",,,
R142_Q27,kk,Dormда KC tournament қашан болады ?,KC tournament мерзімі жатақхана әкімшілігінің жарнамасында хабарланады.,verified,Author-supplied updated answer; imported without rewriting.,FAQ0840,142,27,2024-10-31,University related/По университету/Университет бойынша,kk,numbered,KC tournament мерзімі жатақхана әкімшілігінің жарнамасында хабарланады.,,,
R142_Q28,kk,Dormнан Абиге ескертпей кетсе не болады ?,"Абиге ескертпей кетсеңіз, ескерту немесе тәртіптік шара қолданылуы мүмкін.",verified,Author-supplied updated answer; imported without rewriting.,FAQ0841,142,28,2024-10-31,University related/По университету/Университет бойынша,kk,numbered,"Абиге ескертпей кетсеңіз, ескерту немесе тәртіптік шара қолданылуы мүмкін.",,,
R142_Q29,kk,Dormнан шығу үшін кімге ескерту керек ?,Ресепшенге немесе Абиге хабарлау керек.,verified,Author-supplied updated answer; imported without rewriting.,FAQ0842,142,29,2024-10-31,University related/По университету/Университет бойынша,ru,numbered,Ресепшенге немесе Абиге хабарлау керек.,,,
R142_Q30,kk,Dorm президентін қайда табуға болады?,Dorm президентін жатақхана студенттік кеңесінен немесе ресепшеннен табуға болады.,verified,Author-supplied updated answer; imported without rewriting.,FAQ0843,142,30,2024-10-31,University related/По университету/Университет бойынша,kk,numbered,Dorm президентін жатақхана студенттік кеңесінен немесе ресепшеннен табуға болады.,,,
R142_Q31,kk,Dormда қай уақыт аралығында биллиярд ойнауға болады ?,"Билиард күндіз және кешкі уақытта, жатақхана жабылу уақытына дейін (22:00) ойнатылады.",verified,Author-supplied updated answer; imported without rewriting.,FAQ0844,142,31,2024-10-31,University related/По университету/Университет бойынша,kk,numbered,"Билиард күндіз және кешкі уақытта, жатақхана жабылу уақытына дейін (22:00) ойнатылады.",,,
R143_Q01,en,"Is there an unspoken ‘best’ study spot in the university? Is yes, where's it?",Yes — the -1 floor of the library is generally considered the best/quietest study spot.,verified,Author-supplied updated answer; imported without rewriting.,FAQ0845,143,1,2024-10-31,University related/По университету/Университет бойынша,en,numbered,Yes — the -1 floor of the library is generally considered the best/quietest study spot.,,,
R143_Q02,ru,Пускают ли в университет по воскресеньям?,"Университет обычно открыт и в воскресенье, но часы работы отдельных служб (асхана, маркет) могут быть ограничены.",verified,Author-supplied updated answer; imported without rewriting.,FAQ0846,143,2,2024-10-31,University related/По университету/Университет бойынша,ru,numbered,"Университет обычно открыт и в воскресенье, но часы работы отдельных служб (асхана, маркет) могут быть ограничены.",,,
R143_Q03,ru,Насколько допустимо просить преподавателей о дополнительных баллах?,"Это зависит от преподавателя — лучше подходить с конкретным аргументом (ошибка в подсчёте, пропущенный балл), а не просто просить ""накинуть"" баллы.",verified,Author-supplied updated answer; imported without rewriting.,FAQ0847,143,3,2024-10-31,University related/По университету/Университет бойынша,ru,numbered,"Это зависит от преподавателя — лучше подходить с конкретным аргументом (ошибка в подсчёте, пропущенный балл), а не просто просить ""накинуть"" баллы.",,,
R143_Q04,ru,Какие клубы наиболее дружелюбны к новичкам?,"Клубы вроде Vision Club, спортивные секции и творческие клубы обычно наиболее открыты для новичков — отбор проще, чем в узкоспециализированных клубах (например ICPC, баскетбол).",verified,Author-supplied updated answer; imported without rewriting.,FAQ0848,143,4,2024-10-31,University related/По университету/Университет бойынша,ru,numbered,"Клубы вроде Vision Club, спортивные секции и творческие клубы обычно наиболее открыты для новичков — отбор проще, чем в узкоспециализированных клубах (например ICPC, баскетбол).",,,
R143_Q05,ru,Может ли преподаватель вносить изменения в силлабус после начала семестра?,"Да, но обычно только с уведомлением студентов заранее и без ухудшения условий оценивания задним числом.",verified,Author-supplied updated answer; imported without rewriting.,FAQ0849,143,5,2024-10-31,University related/По университету/Университет бойынша,ru,numbered,"Да, но обычно только с уведомлением студентов заранее и без ухудшения условий оценивания задним числом.",,,
R144_Q01,kk,Оқу бітіргеннен соң жұмыс тұру ықтималдығы қандай?,"Zhas Maman, Beta Career сияқты бағдарламалар арқылы жұмысқа орналасу ықтималдығы жоғары, бірақ 100% кепілдік жоқ.",verified,Author-supplied updated answer; imported without rewriting.,FAQ0850,144,1,2024-10-31,University related/По университету/Университет бойынша,kk,numbered,"Zhas Maman, Beta Career сияқты бағдарламалар арқылы жұмысқа орналасу ықтималдығы жоғары, бірақ 100% кепілдік жоқ.",,,
R144_Q02,kk,Ағылшынша уровень төмен болсан сдуға түсуге болады ма?,"Иә, түсуге болады, бірақ ағылшын деңгейіңіз төмен болса, қосымша ағылшын курстарын оқуыңыз қажет болады.",verified,Author-supplied updated answer; imported without rewriting.,FAQ0851,144,2,2024-10-31,University related/По университету/Университет бойынша,kk,numbered,"Иә, түсуге болады, бірақ ағылшын деңгейіңіз төмен болса, қосымша ағылшын курстарын оқуыңыз қажет болады.",,,
R144_Q03,kk,Эдвайзер кетіп қалса басқа эдвайзерді өзіміз таңдай аламыз ба?,"Тікелей өзіңіз таңдай алмайсыз, жаңа эдвайзер деканат тарапынан тағайындалады.",verified,Author-supplied updated answer; imported without rewriting.,FAQ0852,144,3,2024-10-31,University related/По университету/Университет бойынша,kk,numbered,"Тікелей өзіңіз таңдай алмайсыз, жаңа эдвайзер деканат тарапынан тағайындалады.",,,
R144_Q04,kk,Сдуда зат жоғалса қайда жүгіну керек?,Lost and Found телеграм-тобына немесе күзетшілерге жүгініңіз.,verified,Author-supplied updated answer; imported without rewriting.,FAQ0853,144,4,2024-10-31,University related/По университету/Университет бойынша,kk,numbered,Lost and Found телеграм-тобына немесе күзетшілерге жүгініңіз.,,,
R144_Q05,kk,Шетелге шығуға қанша gpa және қандай құжат керек?,"Exchange/шетелге шығу үшін әдетте GPA 3.0+ және академиялық анықтама, паспорт, ұсыныс хаты сияқты құжаттар қажет — нақты талаптарын International Relations Office-тан алыңыз.",verified,Author-supplied updated answer; imported without rewriting.,FAQ0854,144,5,2024-10-31,University related/По университету/Университет бойынша,kk,numbered,"Exchange/шетелге шығу үшін әдетте GPA 3.0+ және академиялық анықтама, паспорт, ұсыныс хаты сияқты құжаттар қажет — нақты талаптарын International Relations Office-тан алыңыз.",,,
R144_Q06,kk,Оқу бітіргеннен соң жұмысқа тұру ықтималдығы қандай?,"Жоғарыдағы 1-ші сұрақпен бірдей — жұмысқа орналасу ықтималдығы бағдарламалар арқылы жоғары, бірақ кепілдендірілмеген.",verified,Author-supplied updated answer; imported without rewriting.,FAQ0855,144,6,2024-10-31,University related/По университету/Университет бойынша,kk,numbered,"Жоғарыдағы 1-ші сұрақпен бірдей — жұмысқа орналасу ықтималдығы бағдарламалар арқылы жоғары, бірақ кепілдендірілмеген.",,,
R144_Q07,kk,Былтыр болған мидка дәне файнал тапсырмаларын қарай аламыз ба?,"Былтырғы midterm/final тапсырмаларын мұғалімнен немесе жоғары курс студенттерінен сұрап көруге болады, ресми базасы жоқ.",verified,Author-supplied updated answer; imported without rewriting.,FAQ0856,144,7,2024-10-31,University related/По университету/Университет бойынша,kk,numbered,"Былтырғы midterm/final тапсырмаларын мұғалімнен немесе жоғары курс студенттерінен сұрап көруге болады, ресми базасы жоқ.",,,
R144_Q08,kk,Мидкаға қалай дайындалған дұрыс?,"Семестр басынан бастап материалды үзбей қайталап, тапсырмаларды уақытында орындау арқылы дайындалған дұрыс.",verified,Author-supplied updated answer; imported without rewriting.,FAQ0857,144,8,2024-10-31,University related/По университету/Университет бойынша,kk,numbered,"Семестр басынан бастап материалды үзбей қайталап, тапсырмаларды уақытында орындау арқылы дайындалған дұрыс.",,,
R144_Q09,kk,Деканат туралы мәліметті қалай біле аламыз?,Деканат туралы ақпаратты SDU порталы мен деканат кабинетінен (әр факультеттің өз блогында) біле аласыз.,verified,Author-supplied updated answer; imported without rewriting.,FAQ0858,144,9,2024-10-31,University related/По университету/Университет бойынша,kk,numbered,Деканат туралы ақпаратты SDU порталы мен деканат кабинетінен (әр факультеттің өз блогында) біле аласыз.,,,
R144_Q10,kk,Группаластарынмен араласу қиын болса не істеу керек?,"Клубтарға қатысу, топтық жобаларға белсенді қатысу арқылы қарым-қатынасты жақсартуға болады.",verified,Author-supplied updated answer; imported without rewriting.,FAQ0859,144,10,2024-10-31,University related/По университету/Университет бойынша,kk,numbered,"Клубтарға қатысу, топтық жобаларға белсенді қатысу арқылы қарым-қатынасты жақсартуға болады.",,,
R144_Q11,kk,Сдудан шығып кетсек грант ақшасын төлейма?,"Иә, грантты бітірмей кетсеңіз, әдетте грант ақшасын қайтару талап етіледі (нақты шартын келісім-шартыңыздан қараңыз).",verified,Author-supplied updated answer; imported without rewriting.,FAQ0860,144,11,2024-10-31,University related/По университету/Университет бойынша,kk,numbered,"Иә, грантты бітірмей кетсеңіз, әдетте грант ақшасын қайтару талап етіледі (нақты шартын келісім-шартыңыздан қараңыз).",,,
R144_Q12,kk,Gpa төмен болса оны көтеру жолдары қандай?,"Тапсырмаларды уақытында орындау, office hours-қа бару және қосымша баллдар үшін мұғаліммен сөйлесу арқылы GPA-ны көтеруге болады.",verified,Author-supplied updated answer; imported without rewriting.,FAQ0861,144,12,2024-10-31,University related/По университету/Университет бойынша,kk,numbered,"Тапсырмаларды уақытында орындау, office hours-қа бару және қосымша баллдар үшін мұғаліммен сөйлесу арқылы GPA-ны көтеруге болады.",,,
R144_Q13,kk,Қатал мұғалімдердің жүрегін қалай жауласа болады?,"Сабаққа белсенді қатысу, тапсырмаларды сапалы орындау және құрметпен қарым-қатынас жасау арқылы қатал мұғалімдермен жақсы қарым-қатынас орнатуға болады.",verified,Author-supplied updated answer; imported without rewriting.,FAQ0862,144,13,2024-10-31,University related/По университету/Университет бойынша,kk,numbered,"Сабаққа белсенді қатысу, тапсырмаларды сапалы орындау және құрметпен қарым-қатынас жасау арқылы қатал мұғалімдермен жақсы қарым-қатынас орнатуға болады.",,,
R145_Q01,en,Why hasn’t the university introduced dedicated shuttle buses to help address student transportation issues?,SDU doesn't publish an official reason for not having dedicated shuttle buses — likely a cost/logistics factor given Kaskelen's location.,verified,Author-supplied updated answer; imported without rewriting.,FAQ0863,145,1,2024-10-31,University related/По университету/Университет бойынша,en,numbered,SDU doesn't publish an official reason for not having dedicated shuttle buses — likely a cost/logistics factor given Kaskelen's location.,,,
R145_Q02,en,"Why applicants with subject combination math-physics have limited course choice(science math, sds and physics pedog.) if physics is the main component to be an engineer?","Course availability for math-physics combination applicants depends on faculty quotas set each admission year, not solely on subject relevance — this is decided by the Admissions Committee.",verified,Author-supplied updated answer; imported without rewriting.,FAQ0864,145,2,2024-10-31,University related/По университету/Университет бойынша,en,numbered,"Course availability for math-physics combination applicants depends on faculty quotas set each admission year, not solely on subject relevance — this is decided by the Admissions Committee.",,,
R145_Q03,en,What are the reasons for the limited presence of international professors?,"SDU doesn't publicly state a reason; international faculty presence may be limited by hiring costs, visa/work permit requirements, and housing logistics.",verified,Author-supplied updated answer; imported without rewriting.,FAQ0865,145,3,2024-10-31,University related/По университету/Университет бойынша,en,numbered,"SDU doesn't publicly state a reason; international faculty presence may be limited by hiring costs, visa/work permit requirements, and housing logistics.",,,
R145_Q04,en,What steps is the university taking to enhance the cultural diversity of its campus?,"SDU promotes diversity mainly through international student enrollment, exchange programs, and multilingual programs, though a dedicated diversity strategy isn't publicly detailed.",verified,Author-supplied updated answer; imported without rewriting.,FAQ0866,145,4,2024-10-31,University related/По университету/Университет бойынша,en,numbered,"SDU promotes diversity mainly through international student enrollment, exchange programs, and multilingual programs, though a dedicated diversity strategy isn't publicly detailed.",,,
R145_Q05,en,What measures are in place to improve transportation options for students commuting from distant areas?,"No specific transportation program is publicly stated beyond the two commuting routes already available (Almaty/Kaskelen) — students typically use taxis, personal transport, or public buses.",verified,Author-supplied updated answer; imported without rewriting.,FAQ0867,145,5,2024-10-31,University related/По университету/Университет бойынша,en,numbered,"No specific transportation program is publicly stated beyond the two commuting routes already available (Almaty/Kaskelen) — students typically use taxis, personal transport, or public buses.",,,
R145_Q06,en,Why English lectures held in Russian or Kazakh languages?,"This isn't an official policy — if a course is registered as English-taught but conducted in another language, it should be reported to the faculty/Dean's Office.",verified,Author-supplied updated answer; imported without rewriting.,FAQ0868,145,6,2024-10-31,University related/По университету/Университет бойынша,en,numbered,"This isn't an official policy — if a course is registered as English-taught but conducted in another language, it should be reported to the faculty/Dean's Office.",,,
R146_Q01,kk,оқу жылының басында неге сайттан эдвайзердын есімі шықпайды,"Портал алдымен жалпы тіркеуді өңдейді, эдвайзер аты біраз уақыттан кейін, әдетте семестр басталған соң жарияланады.",verified,Author-supplied updated answer; imported without rewriting.,FAQ0869,146,1,2024-11-01,University related/По университету/Университет бойынша,kk,numbered,"Портал алдымен жалпы тіркеуді өңдейді, эдвайзер аты біраз уақыттан кейін, әдетте семестр басталған соң жарияланады.",,,
R146_Q02,kk,Кітапханада тыныштық сақталмауының себебі неде(тыныштандыратын кезекші немесе кітапхана қызметкерлері барма?),"Кітапханада тыныштықты бақылайтын қызметкерлер бар, бірақ толық қадағалау болмауы мүмкін — шуылдаған жағдайда кітапхана қызметкеріне тікелей айтуға болады.",verified,Author-supplied updated answer; imported without rewriting.,FAQ0870,146,2,2024-11-01,University related/По университету/Университет бойынша,kk,numbered,"Кітапханада тыныштықты бақылайтын қызметкерлер бар, бірақ толық қадағалау болмауы мүмкін — шуылдаған жағдайда кітапхана қызметкеріне тікелей айтуға болады.",,,
R146_Q03,kk,Супермаркетте неге тауарлардың бағалары көрсетілмеген?,Бағалар өзгеріп тұратындықтан немесе жаңарту кешігуіне байланысты көрсетілмеуі мүмкін — кассадан тексерген дұрыс.,verified,Author-supplied updated answer; imported without rewriting.,FAQ0871,146,3,2024-11-01,University related/По университету/Университет бойынша,kk,numbered,Бағалар өзгеріп тұратындықтан немесе жаңарту кешігуіне байланысты көрсетілмеуі мүмкін — кассадан тексерген дұрыс.,,,
R146_Q04,kk,Кітапханада неге орын саны аз?(-1 қабат бос жатқан орындар бар орындықтар жоқ),"Орын саны студент санының өсуіне сай кеңейтілмеген, бұл жиі айтылатын мәселе.",verified,Author-supplied updated answer; imported without rewriting.,FAQ0872,146,4,2024-11-01,University related/По университету/Университет бойынша,kk,numbered,"Орын саны студент санының өсуіне сай кеңейтілмеген, бұл жиі айтылатын мәселе.",,,
R146_Q05,kk,неге бочканын үстіндегі бос орындар пайдалы мақсаттарға жұмсалмайды?(қашан көрсең бос турады бірақ курткасын сумкасын заттарын тастап кетеді),"Бочка үстіндегі кеңістік бос болғанымен, ол ресми оқу аймағы ретінде жабдықталмаған (мебель, электр қуаты жоқ) — сондықтан толық пайдаланылмайды.",verified,Author-supplied updated answer; imported without rewriting.,FAQ0873,146,5,2024-11-01,University related/По университету/Университет бойынша,kk,numbered,"Бочка үстіндегі кеңістік бос болғанымен, ол ресми оқу аймағы ретінде жабдықталмаған (мебель, электр қуаты жоқ) — сондықтан толық пайдаланылмайды.",,,
R146_Q06,kk,1рет ритейк алғанда 5жыл оқу мүмкінбе?,"Иә, бір ретейк көп жағдайда оқу мерзімін ұзартпайды, бірақ бірнеше ретейк қатарынан болса, 5 жылға дейін созылуы мүмкін.",verified,Author-supplied updated answer; imported without rewriting.,FAQ0874,146,6,2024-11-01,University related/По университету/Университет бойынша,kk,numbered,"Иә, бір ретейк көп жағдайда оқу мерзімін ұзартпайды, бірақ бірнеше ретейк қатарынан болса, 5 жылға дейін созылуы мүмкін.",,,
R146_Q07,kk,неге кейбір сабақтарға квота сандары аз?(туркиш),Квота саны сол пәнге деген сұраныс пен мұғалімдер санына байланысты бөлінеді.,verified,Author-supplied updated answer; imported without rewriting.,FAQ0875,146,7,2024-11-01,University related/По университету/Университет бойынша,kk,numbered,Квота саны сол пәнге деген сұраныс пен мұғалімдер санына байланысты бөлінеді.,,,
R146_Q08,kk,"үлгермей қалып кеткен сабақты қашан оқимыз?(келесі жылы,келесы семестр немесе жазда ма?)",Үлгермеген (ретейк) сабақты келесі сәйкес семестрде немесе жазғы семестрде оқуға болады.,verified,Author-supplied updated answer; imported without rewriting.,FAQ0876,146,8,2024-11-01,University related/По университету/Университет бойынша,kk,numbered,Үлгермеген (ретейк) сабақты келесі сәйкес семестрде немесе жазғы семестрде оқуға болады.,,,
R146_Q09,kk,сабақтаодың кредит бағаларын қаәдан көре аламыз?,"Кредит бағаларын SDU порталындағы ""My Accounting Info"" бөлімінен көре аласыз.",verified,Author-supplied updated answer; imported without rewriting.,FAQ0877,146,9,2024-11-01,University related/По университету/Университет бойынша,kk,numbered,"Кредит бағаларын SDU порталындағы ""My Accounting Info"" бөлімінен көре аласыз.",,,
R147_Q01,kk,"СДУ университетіне военный кафедра болмағандықтан , сабақпен қалай қатар алып жүре аламын?","Әскери кафедра СДУ-да жоқ болғандықтан, оны сабақпен қатар алып жүрудің қажеті жоқ — қаласаңыз, ол Нархоз немесе ҚазҰУ-да бөлек, сабақтан тыс уақытта оқылады.",verified,Author-supplied updated answer; imported without rewriting.,FAQ0878,147,1,2024-11-01,University related/По университету/Университет бойынша,kk,numbered,"Әскери кафедра СДУ-да жоқ болғандықтан, оны сабақпен қатар алып жүрудің қажеті жоқ — қаласаңыз, ол Нархоз немесе ҚазҰУ-да бөлек, сабақтан тыс уақытта оқылады.",,,
R147_Q02,kk,Өзімнің денсаулығыма байланысты справкаларды қалай алсам болады?,"Денсаулыққа байланысты справканы медпункттен (D блок) алып, сосын деканатқа берілген Google форма арқылы тапсырасыз.",verified,Author-supplied updated answer; imported without rewriting.,FAQ0879,147,2,2024-11-01,University related/По университету/Университет бойынша,kk,numbered,"Денсаулыққа байланысты справканы медпункттен (D блок) алып, сосын деканатқа берілген Google форма арқылы тапсырасыз.",,,
R147_Q03,kk,Кітапханадан алған кітапты уақытылы өткізбесем не болады?,"Кітапты уақытылы өткізбесеңіз, айыппұл салынады немесе жаңа кітап алу мүмкіндігіңіз шектеледі.",verified,Author-supplied updated answer; imported without rewriting.,FAQ0880,147,3,2024-11-01,University related/По университету/Университет бойынша,kk,numbered,"Кітапты уақытылы өткізбесеңіз, айыппұл салынады немесе жаңа кітап алу мүмкіндігіңіз шектеледі.",,,
R147_Q04,kk,Өміріңде үлкен өзгерістер бойынша уақытша үзілісті қалай ала аламын?(Отбасылық жағдайға байланысты),Академиялық демалысты отбасылық жағдайға байланысты деканатқа құжаттармен өтініш беру арқылы аласыз.,verified,Author-supplied updated answer; imported without rewriting.,FAQ0881,147,4,2024-11-01,University related/По университету/Университет бойынша,kk,numbered,Академиялық демалысты отбасылық жағдайға байланысты деканатқа құжаттармен өтініш беру арқылы аласыз.,,,
R147_Q05,kk,Лекция болмаған кезде не болады?,"Лекция болмаған жағдайда, ол әдетте басқа уақытқа ауыстырылады немесе онлайн өткізіледі — эдвайзерден/мұғалімнен нақтылаңыз.",verified,Author-supplied updated answer; imported without rewriting.,FAQ0882,147,5,2024-11-01,University related/По университету/Университет бойынша,kk,numbered,"Лекция болмаған жағдайда, ол әдетте басқа уақытқа ауыстырылады немесе онлайн өткізіледі — эдвайзерден/мұғалімнен нақтылаңыз.",,,
R147_Q06,kk,apcent қандай кездерде қойылмайды?,Absent мұғалім сабаққа келмегенде немесе техникалық ақаудан QR жұмыс істемегенде қойылмайды (дәлелдеу қажет).,verified,Author-supplied updated answer; imported without rewriting.,FAQ0883,147,6,2024-11-01,University related/По университету/Университет бойынша,kk,numbered,Absent мұғалім сабаққа келмегенде немесе техникалық ақаудан QR жұмыс істемегенде қойылмайды (дәлелдеу қажет).,,,
R147_Q07,kk,Деканат бізге қалай көмек бере алады?,"Деканат академиялық мәселелер, эдвайзер тағайындау, анықтама беру және пәндерді реттеу бойынша көмектеседі.",verified,Author-supplied updated answer; imported without rewriting.,FAQ0884,147,7,2024-11-01,University related/По университету/Университет бойынша,kk,numbered,"Деканат академиялық мәселелер, эдвайзер тағайындау, анықтама беру және пәндерді реттеу бойынша көмектеседі.",,,
R147_Q08,kk,СДУ дипломы қаншалықты жұмысқа кіруге көмек бере алады?,"СДУ дипломы мен Zhas Maman/Beta Career бағдарламалары арқылы жұмысқа кіру ықтималдығы артады, бірақ кепілдік жоқ.",verified,Author-supplied updated answer; imported without rewriting.,FAQ0885,147,8,2024-11-01,University related/По университету/Университет бойынша,kk,numbered,"СДУ дипломы мен Zhas Maman/Beta Career бағдарламалары арқылы жұмысқа кіру ықтималдығы артады, бірақ кепілдік жоқ.",,,
R147_Q09,kk,Студенческий взносқа қандай іс-шаралар өткізетінін білсем болады?,45 000 теңгелік студенттік жарна аясында өтетін іс-шаралар туралы ақпаратты Student Life хабарламаларынан біле аласыз.,verified,Author-supplied updated answer; imported without rewriting.,FAQ0886,147,9,2024-11-01,University related/По университету/Университет бойынша,kk,numbered,45 000 теңгелік студенттік жарна аясында өтетін іс-шаралар туралы ақпаратты Student Life хабарламаларынан біле аласыз.,,,
R147_Q10,kk,"Стипендиядан айрылған жағдайда ,оны қалай қайтарып алуға болады?","Келесі семестрде жақсы GPA көрсетіп, стипендияны қайта ала аласыз.",verified,Author-supplied updated answer; imported without rewriting.,FAQ0887,147,10,2024-11-01,University related/По университету/Университет бойынша,kk,numbered,"Келесі семестрде жақсы GPA көрсетіп, стипендияны қайта ала аласыз.",,,
R147_Q11,kk,Ішкі грантты қалай ұтып алуға болады?,Ішкі грантты жоғары GPA көрсету немесе олимпиада/конкурстарда жеңіске жету арқылы ұтып алуға болады.,verified,Author-supplied updated answer; imported without rewriting.,FAQ0888,147,11,2024-11-01,University related/По университету/Университет бойынша,kk,numbered,Ішкі грантты жоғары GPA көрсету немесе олимпиада/конкурстарда жеңіске жету арқылы ұтып алуға болады.,,,
R148_Q01,en,How can I get onto the university balcony?,Access to the university balcony/terrace is restricted for safety reasons — ask the Dean's Office or Student Service Center if you have a specific reason.,verified,Author-supplied updated answer; imported without rewriting.,FAQ0889,148,1,2024-11-01,Dormitory related/По общежитию/Жатақхана бойынша,en,numbered,Access to the university balcony/terrace is restricted for safety reasons — ask the Dean's Office or Student Service Center if you have a specific reason.,,,
R148_Q02,en,Are the university and dormitory managers the same person or different?,"No, university administration and dormitory administration are separate — the dorm has its own management team (reception, Aby/Abla, Dormitory Administration).",verified,Author-supplied updated answer; imported without rewriting.,FAQ0890,148,2,2024-11-01,Dormitory related/По общежитию/Жатақхана бойынша,en,numbered,"No, university administration and dormitory administration are separate — the dorm has its own management team (reception, Aby/Abla, Dormitory Administration).",,,
R148_Q03,en,Can students' parents stay as guests in the dormitory?,Generally no — parents can't stay overnight as guests; they may visit during set visiting hours only.,verified,Author-supplied updated answer; imported without rewriting.,FAQ0891,148,3,2024-11-01,Dormitory related/По общежитию/Жатақхана бойынша,en,numbered,Generally no — parents can't stay overnight as guests; they may visit during set visiting hours only.,,,
R148_Q04,en,"If a first-year student has a driver's license and a car, will they be allowed to bring their car into the university courtyard?","No, first-year students typically aren't allowed to bring their car into the campus courtyard — only staff vehicles are usually permitted.",verified,Author-supplied updated answer; imported without rewriting.,FAQ0892,148,4,2024-11-01,Dormitory related/По общежитию/Жатақхана бойынша,en,numbered,"No, first-year students typically aren't allowed to bring their car into the campus courtyard — only staff vehicles are usually permitted.",,,
R148_Q05,en,How can we turn on the air conditioner in the lecture rooms?,"Air conditioners in lecture rooms are usually controlled by facility staff, not students — report the room to the Maintenance Department if it's too hot/cold.",verified,Author-supplied updated answer; imported without rewriting.,FAQ0893,148,5,2024-11-01,Dormitory related/По общежитию/Жатақхана бойынша,en,numbered,"Air conditioners in lecture rooms are usually controlled by facility staff, not students — report the room to the Maintenance Department if it's too hot/cold.",,,
R148_Q06,en,"Through which programs can students at SDU University apply to study at foreign institutions, and which countries are available?","Through the International Relations Office's exchange programs — available countries depend on SDU's partner universities (commonly Turkey, Korea, and various European institutions).",verified,Author-supplied updated answer; imported without rewriting.,FAQ0894,148,6,2024-11-01,Dormitory related/По общежитию/Жатақхана бойынша,en,numbered,"Through the International Relations Office's exchange programs — available countries depend on SDU's partner universities (commonly Turkey, Korea, and various European institutions).",,,
R148_Q07,en,"If we are currently studying English at the A1 level this semester, can we advance to the B2 level by the next semester through extra study and then remove English from our schedule? What are the possible ways to do this?",Advancing levels depends on passing a placement/proficiency test at the higher level (similar to the IELTS exemption rule) — ask the English Department about mid-year level testing options.,verified,Author-supplied updated answer; imported without rewriting.,FAQ0895,148,7,2024-11-01,Dormitory related/По общежитию/Жатақхана бойынша,en,numbered,Advancing levels depends on passing a placement/proficiency test at the higher level (similar to the IELTS exemption rule) — ask the English Department about mid-year level testing options.,,,
R149_Q01,ru,Как техники управления временем могут улучшить академическую успеваемость?,"Планирование задач заранее, приоритизация по срокам сдачи и использование расписания снижают количество пропущенных дедлайнов и повышают успеваемость.",verified,Author-supplied updated answer; imported without rewriting.,FAQ0896,149,1,2024-11-01,University related/По университету/Университет бойынша,ru,numbered,"Планирование задач заранее, приоритизация по срокам сдачи и использование расписания снижают количество пропущенных дедлайнов и повышают успеваемость.",,,
R149_Q02,ru,Какие эффективные стратегии для управления стрессом во время университетских экзаменов?,"Регулярный сон, разбивка подготовки на небольшие части заранее (а не в последнюю ночь), физическая активность и обращение к психологу SDU при сильном стрессе.",verified,Author-supplied updated answer; imported without rewriting.,FAQ0897,149,2,2024-11-01,University related/По университету/Университет бойынша,ru,numbered,"Регулярный сон, разбивка подготовки на небольшие части заранее (а не в последнюю ночь), физическая активность и обращение к психологу SDU при сильном стрессе.",,,
R149_Q03,ru,Как студенты могут улучшить свои исследовательские навыки для академических проектов и работ?,"Практика через курсовые/проектные работы, использование библиотечных баз данных и консультации с преподавателями в office hours.",verified,Author-supplied updated answer; imported without rewriting.,FAQ0898,149,3,2024-11-01,University related/По университету/Университет бойынша,ru,numbered,"Практика через курсовые/проектные работы, использование библиотечных баз данных и консультации с преподавателями в office hours.",,,
R149_Q04,ru,Какие преимущества участия в студенческих организациях и внеучебных мероприятиях?,"Развитие soft skills, расширение круга общения, возможность получить сертификаты и лидерский опыт, который ценится при трудоустройстве.",verified,Author-supplied updated answer; imported without rewriting.,FAQ0899,149,4,2024-11-01,University related/По университету/Университет бойынша,ru,numbered,"Развитие soft skills, расширение круга общения, возможность получить сертификаты и лидерский опыт, который ценится при трудоустройстве.",,,
R149_Q05,ru,Как студенты могут эффективно балансировать академические обязанности и работу на полставки?,"Чёткое расписание, приоритет учёбе в период сессии и выбор гибкого графика работы (частичная занятость, удалёнка).",verified,Author-supplied updated answer; imported without rewriting.,FAQ0900,149,5,2024-11-01,University related/По университету/Университет бойынша,ru,numbered,"Чёткое расписание, приоритет учёбе в период сессии и выбор гибкого графика работы (частичная занятость, удалёнка).",,,
R149_Q06,ru,Какие техники могут улучшить навыки публичных выступлений и презентаций?,"Практика на клубных мероприятиях, участие в дебатах/презентациях на занятиях и обратная связь от преподавателей/одногруппников.",verified,Author-supplied updated answer; imported without rewriting.,FAQ0901,149,6,2024-11-01,University related/По университету/Университет бойынша,ru,numbered,"Практика на клубных мероприятиях, участие в дебатах/презентациях на занятиях и обратная связь от преподавателей/одногруппников.",,,
R150_Q01,kk,Кітапханадан алған кітаптің өткізу уақыты өтіп кеткен жағдайда не істейміз?,"Кітапты уақытылы өткізбесеңіз, айыппұл салынады немесе жаңа кітап алу мүмкіндігіңіз уақытша шектеледі — кітапханаға барып мерзімін ұзартқан дұрыс.",verified,Author-supplied updated answer; imported without rewriting.,FAQ0902,150,1,2024-11-01,University related/По университету/Университет бойынша,kk,numbered,"Кітапты уақытылы өткізбесеңіз, айыппұл салынады немесе жаңа кітап алу мүмкіндігіңіз уақытша шектеледі — кітапханаға барып мерзімін ұзартқан дұрыс.",,,
R150_Q02,kk,SDU университетітің ректоры кім?,SDU университетінің ректоры — Игенбаев Алимжан Бекежанович.,verified,Author-supplied updated answer; imported without rewriting.,FAQ0903,150,2,2024-11-01,University related/По университету/Университет бойынша,kk,numbered,SDU университетінің ректоры — Игенбаев Алимжан Бекежанович.,,,
R150_Q03,kk,"Сабақтың quiz немесе midterm болатын күні ауырып немесе басқада маңызды себептермен сабақтан қалып, емтиханды тапсыра алмай қалған жағдайда емтиханды қайта тапсыруға мүмкіндік барма?","Иә, дәлелді себеппен (медициналық справка немесе басқа құжат) мұғалімге/деканатқа жүгінсеңіз, қайта тапсыру (makeup exam) мүмкіндігі беріледі.",verified,Author-supplied updated answer; imported without rewriting.,FAQ0904,150,3,2024-11-01,University related/По университету/Университет бойынша,kk,numbered,"Иә, дәлелді себеппен (медициналық справка немесе басқа құжат) мұғалімге/деканатқа жүгінсеңіз, қайта тапсыру (makeup exam) мүмкіндігі беріледі.",,,
R151_Q01,ru,Как правильно использовать sdu food point?,"SDU food point (в кантине) обычно работает по системе заказа на кассе — выбираете блюдо, оплачиваете картой/наличными и получаете",verified,Author-supplied updated answer; imported without rewriting.,FAQ0905,151,1,2024-11-01,University related/По университету/Университет бойынша,ru,numbered,"SDU food point (в кантине) обычно работает по системе заказа на кассе — выбираете блюдо, оплачиваете картой/наличными и получаете",,,
R151_Q02,ru,Куда можно обратиться если с тобой не связался адвайсер?,"Если адвайзер не выходит на связь, обратитесь в деканат или Student Service Center (SSC) — они помогут решить вопрос или назначат замену.",verified,Author-supplied updated answer; imported without rewriting.,FAQ0906,151,2,2024-11-01,University related/По университету/Университет бойынша,ru,numbered,"Если адвайзер не выходит на связь, обратитесь в деканат или Student Service Center (SSC) — они помогут решить вопрос или назначат замену.",,,
R151_Q03,ru,что такое çalışmak?,"""Çalışmak"" (тур.) — означает ""учиться/работать"", в контексте университета часто используется как обозначение учебной/рабочей комнаты (study room).",verified,Author-supplied updated answer; imported without rewriting.,FAQ0907,151,3,2024-11-01,University related/По университету/Университет бойынша,ru,numbered,"""Çalışmak"" (тур.) — означает ""учиться/работать"", в контексте университета часто используется как обозначение учебной/рабочей комнаты (study room).",,,
R151_Q04,ru,дают ли завтрак в кантинне?,"Да, для студентов, живущих в дорме, завтрак предоставляется утром с 7:00 до 9:00.",verified,Author-supplied updated answer; imported without rewriting.,FAQ0908,151,4,2024-11-01,University related/По университету/Университет бойынша,ru,numbered,"Да, для студентов, живущих в дорме, завтрак предоставляется утром с 7:00 до 9:00.",,,
R151_Q05,ru,где можно найти начальника охраны?,Начальника охраны можно найти на посту главного входа (КПП) или через ресепшен административного блока.,verified,Author-supplied updated answer; imported without rewriting.,FAQ0909,151,5,2024-11-01,University related/По университету/Университет бойынша,ru,numbered,Начальника охраны можно найти на посту главного входа (КПП) или через ресепшен административного блока.,,,
R151_Q06,ru,можно ли дропнуть предмет конце семестра если ты сто процентов уверен что правалиш предмет?,"Нет, дропнуть предмет в конце семестра нельзя — период Add/Drop ограничен началом семестра; после этого предмет остаётся в расписании до конца семестра (можно получить только withdrawal в установленный период).",verified,Author-supplied updated answer; imported without rewriting.,FAQ0910,151,6,2024-11-01,University related/По университету/Университет бойынша,ru,numbered,"Нет, дропнуть предмет в конце семестра нельзя — период Add/Drop ограничен началом семестра; после этого предмет остаётся в расписании до конца семестра (можно получить только withdrawal в установленный период).",,,
R152_Q01,ru,Куда можно класть телефон во время футбола что бы никто не украл?,Телефон на время футбола лучше отдать на хранение тренеру/ответственному или оставить в сумке под присмотром — специального сейфа нет.,verified,Author-supplied updated answer; imported without rewriting.,FAQ0911,152,1,2024-11-01,Университет и общежития,ru,line_order,Телефон на время футбола лучше отдать на хранение тренеру/ответственному или оставить в сумке под присмотром — специального сейфа нет.,,,
R152_Q02,ru,Когда обеденное время у физруков?,Обеденное время у физруков — 12:30–13:30.,verified,Author-supplied updated answer; imported without rewriting.,FAQ0912,152,2,2024-11-01,Университет и общежития,ru,line_order,Обеденное время у физруков — 12:30–13:30.,,,
R152_Q03,ru,Как дропнуть уроки?,"Дропнуть предмет можно через портал в период Add/Drop, выбрав нужный курс и нажав ""Drop"" (подтверждение в течение 24 часов).",verified,Author-supplied updated answer; imported without rewriting.,FAQ0913,152,3,2024-11-01,Университет и общежития,ru,line_order,"Дропнуть предмет можно через портал в период Add/Drop, выбрав нужный курс и нажав ""Drop"" (подтверждение в течение 24 часов).",,,
R152_Q04,ru,Где банкомат от Халык Банк в СДУ?,Банкомат Halyk Bank находится в SDU Store/рядом с главным входом.,verified,Author-supplied updated answer; imported without rewriting.,FAQ0914,152,4,2024-11-01,Университет и общежития,ru,line_order,Банкомат Halyk Bank находится в SDU Store/рядом с главным входом.,,,
R152_Q05,ru,Как стирать вещи в общаге?,"Стирать вещи в общаге можно в прачечной на 1 этаже — своя стирка бесплатная (24/7), а сдать бельё в стирку можно с 8:00 до 17:00.",verified,Author-supplied updated answer; imported without rewriting.,FAQ0915,152,5,2024-11-01,Университет и общежития,ru,line_order,"Стирать вещи в общаге можно в прачечной на 1 этаже — своя стирка бесплатная (24/7), а сдать бельё в стирку можно с 8:00 до 17:00.",,,
R152_Q06,ru,Сколько стоит полноценный обед?,Полноценный обед стоит примерно 2500 тг (цена может меняться).,verified,Author-supplied updated answer; imported without rewriting.,FAQ0916,152,6,2024-11-01,Университет и общежития,ru,line_order,Полноценный обед стоит примерно 2500 тг (цена может меняться).,,,
R152_Q07,ru,Что входит в полноценный обед?,"В полноценный обед обычно входят первое, второе блюдо и салат/напиток.",verified,Author-supplied updated answer; imported without rewriting.,FAQ0917,152,7,2024-11-01,Университет и общежития,ru,line_order,"В полноценный обед обычно входят первое, второе блюдо и салат/напиток.",,,
R152_Q08,ru,Кто на ректор?,Ректор СДУ — Игенбаев Алимжан Бекежанович.,verified,Author-supplied updated answer; imported without rewriting.,FAQ0918,152,8,2024-11-01,Университет и общежития,ru,line_order,Ректор СДУ — Игенбаев Алимжан Бекежанович.,,,
R152_Q09,ru,Кто декан моего факультета?,"Декана вашего факультета можно узнать на портале в разделе ""Дин офис"" или в деканате соответствующего блока.",verified,Author-supplied updated answer; imported without rewriting.,FAQ0919,152,9,2024-11-01,Университет и общежития,ru,line_order,"Декана вашего факультета можно узнать на портале в разделе ""Дин офис"" или в деканате соответствующего блока.",,,
R152_Q10,ru,Сколько стоит 1 курс англиского языка?,"Стоимость 1 курса английского зависит от года и статуса (грант/платное) — уточняйте в ""My Accounting Info"" на портале.",verified,Author-supplied updated answer; imported without rewriting.,FAQ0920,152,10,2024-11-01,Университет и общежития,ru,line_order,"Стоимость 1 курса английского зависит от года и статуса (грант/платное) — уточняйте в ""My Accounting Info"" на портале.",,,
R152_Q11,ru,Какой уровень у меня должно быть что бы я не платить на англиский язык?,"Чтобы не платить за английский, нужно набрать нужный балл по IELTS (6.0, не ниже 5.5 по каждому компоненту) или пройти внутренний тест на 41 из 54 баллов.",verified,Author-supplied updated answer; imported without rewriting.,FAQ0921,152,11,2024-11-01,Университет и общежития,ru,line_order,"Чтобы не платить за английский, нужно набрать нужный балл по IELTS (6.0, не ниже 5.5 по каждому компоненту) или пройти внутренний тест на 41 из 54 баллов.",,,
R152_Q12,ru,Где играть в настольный теннис в универе?,"В настольный теннис в университете можно играть в зоне отдыха (например, у H блока).",verified,Author-supplied updated answer; imported without rewriting.,FAQ0922,152,12,2024-11-01,Университет и общежития,ru,line_order,"В настольный теннис в университете можно играть в зоне отдыха (например, у H блока).",,,
R152_Q13,ru,Где играть в настольный теннис в общаге?,В общаге настольный теннис — в комнате отдыха на этаже.,verified,Author-supplied updated answer; imported without rewriting.,FAQ0923,152,13,2024-11-01,Университет и общежития,ru,line_order,В общаге настольный теннис — в комнате отдыха на этаже.,,,
R152_Q14,ru,Какой график у маркета в общаге?,График маркета в общаге — примерно с 9:00 до 22:00.,verified,Author-supplied updated answer; imported without rewriting.,FAQ0924,152,14,2024-11-01,Университет и общежития,ru,line_order,График маркета в общаге — примерно с 9:00 до 22:00.,,,
R152_Q15,ru,Что продают маркет в общаге?,"В маркете общаги продают базовые продукты, снеки, напитки и предметы гигиены.",verified,Author-supplied updated answer; imported without rewriting.,FAQ0925,152,15,2024-11-01,Университет и общежития,ru,line_order,"В маркете общаги продают базовые продукты, снеки, напитки и предметы гигиены.",,,
R152_Q16,ru,Где можно погладить вещи в общаге?,Погладить вещи можно в специальной комнате для утюга в общаге.,verified,Author-supplied updated answer; imported without rewriting.,FAQ0926,152,16,2024-11-01,Университет и общежития,ru,line_order,Погладить вещи можно в специальной комнате для утюга в общаге.,,,
R152_Q17,ru,Есть ли микроволновка в каждом этаже в общаге?,Микроволновка есть только на первом этаже рядом с маркетом в дорме.,verified,Author-supplied updated answer; imported without rewriting.,FAQ0927,152,17,2024-11-01,Университет и общежития,ru,line_order,Микроволновка есть только на первом этаже рядом с маркетом в дорме.,,,
R152_Q18,ru,Можно ли готовить еду в общаге?,"Готовить еду в комнатах общаги нельзя — разрешено только на кухне/специальной зоне, если она есть.",verified,Author-supplied updated answer; imported without rewriting.,FAQ0928,152,18,2024-11-01,Университет и общежития,ru,line_order,"Готовить еду в комнатах общаги нельзя — разрешено только на кухне/специальной зоне, если она есть.",,,
R152_Q19,ru,В каких днях можно ходить в физкультуру?,"Физкультура проходит по расписанию, которое студент выбирает при составлении schedule (обычно 1 раз в неделю).",verified,Author-supplied updated answer; imported without rewriting.,FAQ0929,152,19,2024-11-01,Университет и общежития,ru,line_order,"Физкультура проходит по расписанию, которое студент выбирает при составлении schedule (обычно 1 раз в неделю).",,,
R152_Q20,ru,Как проходит в физкультура в СДУ?,"На физкультуре проверяется посещаемость (QR/attendance), выполняются нормативы и практические занятия по выбранному виду спорта.",verified,Author-supplied updated answer; imported without rewriting.,FAQ0930,152,20,2024-11-01,Университет и общежития,ru,line_order,"На физкультуре проверяется посещаемость (QR/attendance), выполняются нормативы и практические занятия по выбранному виду спорта.",,,
R153_Q01,en,Are there any study rooms in the library that can be reserved for group projects?,"Yes, the library has small group rooms/conference rooms that can be booked through the portal or library reception.",verified,Author-supplied updated answer; imported without rewriting.,FAQ0931,153,1,2024-11-01,University and Dormitory related,en,numbered,"Yes, the library has small group rooms/conference rooms that can be booked through the portal or library reception.",,,
R153_Q02,en,Is there an opportunity to receive discounts or benefits for accommodation in the dormitory?,"Yes, discounts exist for orphans, students without parental care, and other social categories — apply through the Student Service Center (SSC).",verified,Author-supplied updated answer; imported without rewriting.,FAQ0932,153,2,2024-11-01,University and Dormitory related,en,numbered,"Yes, discounts exist for orphans, students without parental care, and other social categories — apply through the Student Service Center (SSC).",,,
R153_Q03,en,What resources does the library offer to help students prepare for exams?,"The library offers reading halls, e-books/databases, past assignment guidance from advisors, and quiet study zones (especially the -1 floor).",verified,Author-supplied updated answer; imported without rewriting.,FAQ0933,153,3,2024-11-01,University and Dormitory related,en,numbered,"The library offers reading halls, e-books/databases, past assignment guidance from advisors, and quiet study zones (especially the -1 floor).",,,
R153_Q04,en,Are there vegetarian or halal food options available in the canteen?,The canteens offer general Kazakh/international dishes; dedicated vegetarian or halal-labeled menus aren't specifically confirmed — ask canteen staff directly.,verified,Author-supplied updated answer; imported without rewriting.,FAQ0934,153,4,2024-11-01,University and Dormitory related,en,numbered,The canteens offer general Kazakh/international dishes; dedicated vegetarian or halal-labeled menus aren't specifically confirmed — ask canteen staff directly.,,,
R153_Q05,en,Is it possible to bring outside food into the university cafeteria?,"Bringing outside food into the cafeteria is generally allowed, though eating your own food there isn't the intended use of the space.",verified,Author-supplied updated answer; imported without rewriting.,FAQ0935,153,5,2024-11-01,University and Dormitory related,en,numbered,"Bringing outside food into the cafeteria is generally allowed, though eating your own food there isn't the intended use of the space.",,,
R153_Q06,en,Are there part-time job opportunities on campus for students?,"Yes, students can find part-time opportunities through the Career Department, as club assistants, or as dormitory RAs (Aby/Abla).",verified,Author-supplied updated answer; imported without rewriting.,FAQ0936,153,6,2024-11-01,University and Dormitory related,en,numbered,"Yes, students can find part-time opportunities through the Career Department, as club assistants, or as dormitory RAs (Aby/Abla).",,,
R154_Q01,ru,Насколько важно поддерживать физическую активность на кампусе?,Физическая активность важна для концентрации и снижения стресса — SDU также требует прохождения предмета Physical Education как часть учебного плана.,verified,Author-supplied updated answer; imported without rewriting.,FAQ0937,154,1,2024-11-01,University related/По университету/Университет бойынша,ru,numbered,Физическая активность важна для концентрации и снижения стресса — SDU также требует прохождения предмета Physical Education как часть учебного плана.,,,
R154_Q02,ru,Какую sim-карту лучше всего приобрести в каскелене?,"В Каскелене хорошо ловят Beeline, Kcell/Activ и Tele2 — выбор зависит от покрытия в районе дорма (можно уточнить у местных студентов).",verified,Author-supplied updated answer; imported without rewriting.,FAQ0938,154,2,2024-11-01,University related/По университету/Университет бойынша,ru,numbered,"В Каскелене хорошо ловят Beeline, Kcell/Activ и Tele2 — выбор зависит от покрытия в районе дорма (можно уточнить у местных студентов).",,,
R154_Q03,ru,Как справляется с прокрастинацией во время сессии?,"Разбивайте подготовку на небольшие части заранее, ставьте дедлайны раньше реальных и используйте библиотеку/study room без отвлекающих факторов.",verified,Author-supplied updated answer; imported without rewriting.,FAQ0939,154,3,2024-11-01,University related/По университету/Университет бойынша,ru,numbered,"Разбивайте подготовку на небольшие части заранее, ставьте дедлайны раньше реальных и используйте библиотеку/study room без отвлекающих факторов.",,,
R154_Q04,ru,Какие будут последствия если справоцировать драку в зоне университета?,"Провокация драки — серьёзное нарушение дисциплины, может привести к вызову в деканат, дисциплинарному взысканию вплоть до отчисления.",verified,Author-supplied updated answer; imported without rewriting.,FAQ0940,154,4,2024-11-01,University related/По университету/Университет бойынша,ru,numbered,"Провокация драки — серьёзное нарушение дисциплины, может привести к вызову в деканат, дисциплинарному взысканию вплоть до отчисления.",,,
R154_Q05,ru,Можно ли организовать студентам мероприятия в кампусе?,"Да, студенты могут организовывать мероприятия через Student Life/деканат, согласовав план заранее.",verified,Author-supplied updated answer; imported without rewriting.,FAQ0941,154,5,2024-11-01,University related/По университету/Университет бойынша,ru,numbered,"Да, студенты могут организовывать мероприятия через Student Life/деканат, согласовав план заранее.",,,
R154_Q06,ru,Можно ли что-то купить в долг в маркете SDU?,"Обычно нет, покупки в маркете SDU оплачиваются сразу (наличными или картой).",verified,Author-supplied updated answer; imported without rewriting.,FAQ0942,154,6,2024-11-01,University related/По университету/Университет бойынша,ru,numbered,"Обычно нет, покупки в маркете SDU оплачиваются сразу (наличными или картой).",,,
R154_Q07,ru,"Как организовать свое время, чтобы успевать учиться и отдыхать?","Составляйте расписание с чёткими блоками времени на учёбу и отдых, расставляйте приоритеты по дедлайнам и не забывайте про сон.",verified,Author-supplied updated answer; imported without rewriting.,FAQ0943,154,7,2024-11-01,University related/По университету/Университет бойынша,ru,numbered,"Составляйте расписание с чёткими блоками времени на учёбу и отдых, расставляйте приоритеты по дедлайнам и не забывайте про сон.",,,
R155_Q01,ru,Где расположен кабинет H106?,Кабинет H106 расположен на 1 этаже H блока.,verified,Author-supplied updated answer; imported without rewriting.,FAQ0944,155,1,2024-11-01,University related/По университету/Университет бойынша,ru,line_order,Кабинет H106 расположен на 1 этаже H блока.,,,
R155_Q02,ru,Как университет реагирует на проблемы с академической честностью?,"Нарушения академической честности (списывание, плагиат) рассматриваются деканатом и могут привести от предупреждения до аннулирования оценки/отчисления, в зависимости от тяжести.",verified,Author-supplied updated answer; imported without rewriting.,FAQ0945,155,2,2024-11-01,University related/По университету/Университет бойынша,ru,line_order,"Нарушения академической честности (списывание, плагиат) рассматриваются деканатом и могут привести от предупреждения до аннулирования оценки/отчисления, в зависимости от тяжести.",,,
R155_Q03,ru,Какова роль зданий в поддержании традиций университета?,"Здания и кампус в целом поддерживают традиции через регулярные мероприятия (Welcome Party, SDU Fest), сохраняя единую атмосферу студенческой жизни.",verified,Author-supplied updated answer; imported without rewriting.,FAQ0946,155,3,2024-11-01,University related/По университету/Университет бойынша,ru,line_order,"Здания и кампус в целом поддерживают традиции через регулярные мероприятия (Welcome Party, SDU Fest), сохраняя единую атмосферу студенческой жизни.",,,
R155_Q04,ru,Как организованы мероприятия по повышению устойчивости к стрессу?,Тренинги по управлению стрессом и бесплатные консультации психолога организуются через SDU Психологический центр.,verified,Author-supplied updated answer; imported without rewriting.,FAQ0947,155,4,2024-11-01,University related/По университету/Университет бойынша,ru,line_order,Тренинги по управлению стрессом и бесплатные консультации психолога организуются через SDU Психологический центр.,,,
R155_Q05,ru,Почему дверь библиотеки на втором этаже всегда закрыта?,"Официальной причины закрытой двери на 2 этаже библиотеки не публикуется — возможно, используется отдельный вход/выход для контроля потока.",verified,Author-supplied updated answer; imported without rewriting.,FAQ0948,155,5,2024-11-01,University related/По университету/Университет бойынша,ru,line_order,"Официальной причины закрытой двери на 2 этаже библиотеки не публикуется — возможно, используется отдельный вход/выход для контроля потока.",,,
R155_Q06,ru,Как проходят защиты дипломных работ?,"Защита дипломных работ проходит перед комиссией факультета, включает презентацию работы и вопросы от преподавателей.",verified,Author-supplied updated answer; imported without rewriting.,FAQ0949,155,6,2024-11-01,University related/По университету/Университет бойынша,ru,line_order,"Защита дипломных работ проходит перед комиссией факультета, включает презентацию работы и вопросы от преподавателей.",,,
R155_Q07,ru,Как СДУ организует работу в условиях природных катастроф?,"Официального протокола на случай природных катастроф SDU публично не раскрывает, но проводятся плановые эвакуационные и сейсмотренировки.",verified,Author-supplied updated answer; imported without rewriting.,FAQ0950,155,7,2024-11-01,University related/По университету/Университет бойынша,ru,line_order,"Официального протокола на случай природных катастроф SDU публично не раскрывает, но проводятся плановые эвакуационные и сейсмотренировки.",,,
R155_Q08,ru,Каковы критерии оценки работы сотрудников СДУ?,"Критерии оценки сотрудников СДУ (KPI, отзывы студентов, успеваемость групп) не публикуются в открытом доступе.",verified,Author-supplied updated answer; imported without rewriting.,FAQ0951,155,8,2024-11-01,University related/По университету/Университет бойынша,ru,line_order,"Критерии оценки сотрудников СДУ (KPI, отзывы студентов, успеваемость групп) не публикуются в открытом доступе.",,,
R155_Q09,ru,Как университет помогает в поиске стажировок и работы в будущем?,"Университет помогает через Career Department, Beta Career и Techno Park, которые предоставляют консультации, вакансии и связи с работодателями.",verified,Author-supplied updated answer; imported without rewriting.,FAQ0952,155,9,2024-11-01,University related/По университету/Университет бойынша,ru,line_order,"Университет помогает через Career Department, Beta Career и Techno Park, которые предоставляют консультации, вакансии и связи с работодателями.",,,
R156_Q01,kk,Шетел азаматтарына виза істеген де кімге жолығамыз?,Виза мәселесі бойынша International Relations Office-ке (Халықаралық қатынастар бөлімі) жолығу керек.,verified,Author-supplied updated answer; imported without rewriting.,FAQ0953,156,1,2024-11-02,University related/По университету/Университет бойынша,kk,numbered,Виза мәселесі бойынша International Relations Office-ке (Халықаралық қатынастар бөлімі) жолығу керек.,,,
R156_Q02,kk,Универге келгенде эдвайзер кім екенін қалай білеміз?,Эдвайзеріңізді SDU порталындағы жеке кабинетіңізден (профиль бетінен) көре аласыз.,verified,Author-supplied updated answer; imported without rewriting.,FAQ0954,156,2,2024-11-02,University related/По университету/Университет бойынша,kk,numbered,Эдвайзеріңізді SDU порталындағы жеке кабинетіңізден (профиль бетінен) көре аласыз.,,,
R156_Q03,kk,Шетел азаматы оқуға документ тапсырған да бірінші болып кімге жолығу керек?,Құжат тапсырғанда алдымен Admissions Office (Қабылдау комиссиясы) және International Relations Office-ке жолығу керек.,verified,Author-supplied updated answer; imported without rewriting.,FAQ0955,156,3,2024-11-02,University related/По университету/Университет бойынша,kk,numbered,Құжат тапсырғанда алдымен Admissions Office (Қабылдау комиссиясы) және International Relations Office-ке жолығу керек.,,,
R156_Q04,kk,Студенттер де проблема болып жатса кімге жолығу керек?,"Кез келген мәселе бойынша алдымен эдвайзерге, ал жалпы/ұйымдастырушылық мәселелер бойынша Student Service Center (SSC)-ке жолығу керек.",verified,Author-supplied updated answer; imported without rewriting.,FAQ0956,156,4,2024-11-02,University related/По университету/Университет бойынша,kk,numbered,"Кез келген мәселе бойынша алдымен эдвайзерге, ал жалпы/ұйымдастырушылық мәселелер бойынша Student Service Center (SSC)-ке жолығу керек.",,,
R156_Q05,kk,Мудл мен Парталды қалай қолданады?,"Moodle — үй тапсырмаларын жүктеу, материалдарды алу және бағаларды көру үшін қолданылады; Портал (my.sdu.edu.kz) — сабақ кестесін құру, гранттар мен төлемдерді қадағалау үшін қолданылады.",verified,Author-supplied updated answer; imported without rewriting.,FAQ0957,156,5,2024-11-02,University related/По университету/Университет бойынша,kk,numbered,"Moodle — үй тапсырмаларын жүктеу, материалдарды алу және бағаларды көру үшін қолданылады; Портал (my.sdu.edu.kz) — сабақ кестесін құру, гранттар мен төлемдерді қадағалау үшін қолданылады.",,,
R157_Q01,en,What resources does SDU provide for students seeking to engage in global research or internship experiences?,SDU offers global research/internship access through the International Relations Office (exchange programs) and Techno Park (research/startup projects).,verified,Author-supplied updated answer; imported without rewriting.,FAQ0958,157,1,2024-11-02,both,en,numbered,SDU offers global research/internship access through the International Relations Office (exchange programs) and Techno Park (research/startup projects).,,,
R157_Q02,en,How flexible is SDU's curriculum in allowing students to pursue unique academic interests or customized paths?,"SDU's curriculum allows some flexibility through electives and minors, but the core structure follows a fixed credit plan set by the faculty.",verified,Author-supplied updated answer; imported without rewriting.,FAQ0959,157,2,2024-11-02,both,en,numbered,"SDU's curriculum allows some flexibility through electives and minors, but the core structure follows a fixed credit plan set by the faculty.",,,
R157_Q03,en,Does Harvard offer any support for students pursuing open-source projects or initiatives aimed at community engagement?,"This question refers to Harvard, not SDU — I don't have information on Harvard's specific policies here.",verified,Author-supplied updated answer; imported without rewriting.,FAQ0960,157,3,2024-11-02,both,en,numbered,"This question refers to Harvard, not SDU — I don't have information on Harvard's specific policies here.",,,
R157_Q04,en,What programs or initiatives does SDU offer to help students gain hands-on experience in their field of study?,"SDU offers hands-on experience through Beta Career internships, Techno Park projects, and faculty-specific practicum courses.",verified,Author-supplied updated answer; imported without rewriting.,FAQ0961,157,4,2024-11-02,both,en,numbered,"SDU offers hands-on experience through Beta Career internships, Techno Park projects, and faculty-specific practicum courses.",,,
R157_Q05,en,What services are available within dormitories to support students' mental health and manage stress,Dormitory students can access the SDU Psychological Support Center (free consultations) and RA/Aby-Abla support for day-to-day stress issues.,verified,Author-supplied updated answer; imported without rewriting.,FAQ0962,157,5,2024-11-02,both,en,numbered,Dormitory students can access the SDU Psychological Support Center (free consultations) and RA/Aby-Abla support for day-to-day stress issues.,,,
R157_Q06,en,What avenues exist for students to collaborate with other universities or organizations on an international scale,Students can collaborate internationally through the International Relations Office's exchange partnerships and joint research initiatives with partner universities.,verified,Author-supplied updated answer; imported without rewriting.,FAQ0963,157,6,2024-11-02,both,en,numbered,Students can collaborate internationally through the International Relations Office's exchange partnerships and joint research initiatives with partner universities.,,,
R157_Q07,en,"What resources are available at Harvard for students looking to develop independent projects, including maker spaces, laboratories, or funding for personal research?",This question also refers to Harvard — I don't have specific information about Harvard's maker spaces or funding programs.,verified,Author-supplied updated answer; imported without rewriting.,FAQ0964,157,7,2024-11-02,both,en,numbered,This question also refers to Harvard — I don't have specific information about Harvard's maker spaces or funding programs.,,,
R158_Q01,en,How accurate is the academic calendar?,"The academic calendar is generally accurate, though minor changes may occur due to holidays or force majeure — always check the portal for updates.",verified,Author-supplied updated answer; imported without rewriting.,FAQ0965,158,1,2024-11-07,Dormitory related/По общежитию/Жатақхана бойынша,en,numbered,"The academic calendar is generally accurate, though minor changes may occur due to holidays or force majeure — always check the portal for updates.",,,
R158_Q02,en,How can you change your profession?,You can change your major by applying through the Student Service Center (SSC); the transfer depends on GPA and program requirements.,verified,Author-supplied updated answer; imported without rewriting.,FAQ0966,158,2,2024-11-07,Dormitory related/По общежитию/Жатақхана бойынша,en,numbered,You can change your major by applying through the Student Service Center (SSC); the transfer depends on GPA and program requirements.,,,
R158_Q03,en,Where can I get information about teachers?,"Information about teachers (schedule, office hours, email) is available on the SDU Portal under each course, or via Moodle.",verified,Author-supplied updated answer; imported without rewriting.,FAQ0967,158,3,2024-11-07,Dormitory related/По общежитию/Жатақхана бойынша,en,numbered,"Information about teachers (schedule, office hours, email) is available on the SDU Portal under each course, or via Moodle.",,,
R158_Q04,en,How can I participate in clubs?,"You can join clubs by checking @sdukz Instagram or attending SDU Fest at the start of the academic year, where all clubs present themselves (some require casting/selection).",verified,Author-supplied updated answer; imported without rewriting.,FAQ0968,158,4,2024-11-07,Dormitory related/По общежитию/Жатақхана бойынша,en,numbered,"You can join clubs by checking @sdukz Instagram or attending SDU Fest at the start of the academic year, where all clubs present themselves (some require casting/selection).",,,
R159_Q01,ru,"Как организовать личное пространство в комнате, которую приходится делить с другими?","Используйте ширмы, занавески или стеллажи, чтобы разделить пространство. Старайтесь договариваться с соседом о зонах для работы, отдыха и хранения вещей.",needs_review,,FAQ0969,159,1,2024-11-15,Dormitory related/По общежитию/Жатақхана бойынша,ru,numbered,"Используйте ширмы, занавески или стеллажи, чтобы разделить пространство. Старайтесь договариваться с соседом о зонах для работы, отдыха и хранения вещей.",,,
R159_Q02,ru,"Какие правила обычно действуют в общежитиях, и как избежать конфликтов с соседями?","В общежитиях часто запрещены громкая музыка, вечеринки поздно вечером и курение. Чтобы избежать конфликтов, важно соблюдать правила, уважать чужую территорию и договариваться об общих вопросах, например, о графике уборки.",needs_review,"Проверить актуальность чисел, сроков, стоимости или должностей.",FAQ0970,159,2,2024-11-15,Dormitory related/По общежитию/Жатақхана бойынша,ru,numbered,"В общежитиях часто запрещены громкая музыка, вечеринки поздно вечером и курение. Чтобы избежать конфликтов, важно соблюдать правила, уважать чужую территорию и договариваться об общих вопросах, например, о графике уборки.",,,
R159_Q03,ru,Как хранить вещи в условиях ограниченного пространства?,"Используйте коробки, которые можно ставить под кровать, крючки на стенах или дверях и складную мебель. Органайзеры для шкафов тоже помогают сэкономить место.",needs_review,,FAQ0971,159,3,2024-11-15,Dormitory related/По общежитию/Жатақхана бойынша,ru,numbered,"Используйте коробки, которые можно ставить под кровать, крючки на стенах или дверях и складную мебель. Органайзеры для шкафов тоже помогают сэкономить место.",,,
R159_Q04,ru,Какой минимальный набор кухонных принадлежностей необходим для приготовления еды в общежитии?,"Вам понадобятся нож, разделочная доска, ложка, вилка, чашка и тарелка. Если есть доступ к кухне, можно также использовать мультиварку или электрический чайник.",needs_review,,FAQ0972,159,4,2024-11-15,Dormitory related/По общежитию/Жатақхана бойынша,ru,numbered,"Вам понадобятся нож, разделочная доска, ложка, вилка, чашка и тарелка. Если есть доступ к кухне, можно также использовать мультиварку или электрический чайник.",,,
R159_Q05,ru,Какие плюсы и минусы жизни в общежитии ты можешь выделить?,"Плюсы: новые знакомства, постоянное общение, доступность жилья.
Минусы: ограниченное пространство, общий шум, необходимость подстраиваться под соседей.",needs_review,,FAQ0973,159,5,2024-11-15,Dormitory related/По общежитию/Жатақхана бойынша,ru,numbered,"Плюсы: новые знакомства, постоянное общение, доступность жилья.
Минусы: ограниченное пространство, общий шум, необходимость подстраиваться под соседей.",,,
R159_Q06,ru,"Как справляться с шумом и другими неудобствами, если соседи ведут себя слишком громко?","Можно использовать беруши или наушники. Если ситуация повторяется, лучше вежливо поговорить с соседями или обратиться к администрации общежития.",needs_review,,FAQ0974,159,6,2024-11-15,Dormitory related/По общежитию/Жатақхана бойынша,ru,numbered,"Можно использовать беруши или наушники. Если ситуация повторяется, лучше вежливо поговорить с соседями или обратиться к администрации общежития.",,,
R160_Q01,ru,как можно войти в технопарк?,"Чтобы попасть в Технопарк, нужно подать заявку/проект и пройти отбор — обратитесь напрямую в Технопарк для деталей.",verified,Author-supplied updated answer; imported without rewriting.,FAQ0975,160,1,2024-11-15,University related/По университету/Университет бойынша,ru,numbered,"Чтобы попасть в Технопарк, нужно подать заявку/проект и пройти отбор — обратитесь напрямую в Технопарк для деталей.",,,
R160_Q02,ru,что делать если потерял карточку общежитии?,"Если потеряли карточку общежития — обратитесь на ресепшен, вам выдадут новую (может быть штраф).",verified,Author-supplied updated answer; imported without rewriting.,FAQ0976,160,2,2024-11-15,University related/По университету/Университет бойынша,ru,numbered,"Если потеряли карточку общежития — обратитесь на ресепшен, вам выдадут новую (может быть штраф).",,,
R160_Q03,ru,как можно подняться на крышу общежитие?,Подняться на крышу общежития нельзя — доступ туда закрыт по соображениям безопасности.,verified,Author-supplied updated answer; imported without rewriting.,FAQ0977,160,3,2024-11-15,University related/По университету/Университет бойынша,ru,numbered,Подняться на крышу общежития нельзя — доступ туда закрыт по соображениям безопасности.,,,
R160_Q04,ru,что если холодная вода идет из душа в общежитие?,Если из душа идёт только холодная вода — сообщите на ресепшен или в Maintenance Department общежития для устранения неполадки.,verified,Author-supplied updated answer; imported without rewriting.,FAQ0978,160,4,2024-11-15,University related/По университету/Университет бойынша,ru,numbered,Если из душа идёт только холодная вода — сообщите на ресепшен или в Maintenance Department общежития для устранения неполадки.,,,
R160_Q05,ru,как научится играть в теннис в общежитии?,"Научиться играть можно, попрактиковавшись в комнате отдыха на этаже или спросив у более опытных студентов/аби.",verified,Author-supplied updated answer; imported without rewriting.,FAQ0979,160,5,2024-11-15,University related/По университету/Университет бойынша,ru,numbered,"Научиться играть можно, попрактиковавшись в комнате отдыха на этаже или спросив у более опытных студентов/аби.",,,
R160_Q06,ru,где можно купить теннисный шарик?,Теннисный шарик можно купить в маркете общежития или университета.,verified,Author-supplied updated answer; imported without rewriting.,FAQ0980,160,6,2024-11-15,University related/По университету/Университет бойынша,ru,numbered,Теннисный шарик можно купить в маркете общежития или университета.,,,
R161_Q01,ru,Почему в комнатах нет возможности закрыться на ключ?,"Официальной причины нет — вероятно, связано с политикой доступа персонала (Аби/Абла, клининг) в комнаты при необходимости.",verified,Author-supplied updated answer; imported without rewriting.,FAQ0981,161,1,2024-11-18,Dormitory related/По общежитию/Жатақхана бойынша,ru,numbered,"Официальной причины нет — вероятно, связано с политикой доступа персонала (Аби/Абла, клининг) в комнаты при необходимости.",,,
R161_Q02,ru,Почему нет микроволновки на каждом этаже?,"Микроволновка есть только на первом этаже рядом с маркетом — расширение, вероятно, не предусмотрено бюджетом/безопасностью.",verified,Author-supplied updated answer; imported without rewriting.,FAQ0982,161,2,2024-11-18,Dormitory related/По общежитию/Жатақхана бойынша,ru,numbered,"Микроволновка есть только на первом этаже рядом с маркетом — расширение, вероятно, не предусмотрено бюджетом/безопасностью.",,,
R161_Q03,ru,Почему не рассмотрена возможность передвижения по лифту?,Лифт в общежитии не предусмотрен архитектурным проектом здания.,verified,Author-supplied updated answer; imported without rewriting.,FAQ0983,161,3,2024-11-18,Dormitory related/По общежитию/Жатақхана бойынша,ru,numbered,Лифт в общежитии не предусмотрен архитектурным проектом здания.,,,
R161_Q04,ru,Почему вход только через Д блок,"Вход через D блок организован для единого контроля доступа и безопасности (охрана, ID-проверка).",verified,Author-supplied updated answer; imported without rewriting.,FAQ0984,161,4,2024-11-18,Dormitory related/По общежитию/Жатақхана бойынша,ru,numbered,"Вход через D блок организован для единого контроля доступа и безопасности (охрана, ID-проверка).",,,
R161_Q05,ru,Кто управляет общежитием?,"Общежитием управляет отдельная Dormitory Administration (администрация общежития), отдельно от университетской администрации.",verified,Author-supplied updated answer; imported without rewriting.,FAQ0985,161,5,2024-11-18,Dormitory related/По общежитию/Жатақхана бойынша,ru,numbered,"Общежитием управляет отдельная Dormitory Administration (администрация общежития), отдельно от университетской администрации.",,,
R161_Q06,ru,В какое время убирается тех персонал?,"Технический персонал убирается по установленному графику клининга, обычно в дневное время (уточняется на ресепшене).",verified,Author-supplied updated answer; imported without rewriting.,FAQ0986,161,6,2024-11-18,Dormitory related/По общежитию/Жатақхана бойынша,ru,numbered,"Технический персонал убирается по установленному графику клининга, обычно в дневное время (уточняется на ресепшене).",,,
R162_Q01,en,Where can we check or review our syllabus?,"We accessed our syllabus from the portal, and students from the 2nd and 3rd courses also shared their syllabus with us.",needs_review,"Проверить актуальность чисел, сроков, стоимости или должностей.",FAQ0987,162,1,2024-11-20,University related/По университету/Университет бойынша,en,single,"We accessed our syllabus from the portal, and students from the 2nd and 3rd courses also shared their syllabus with us.",,,
R163_Q01,kk,Куратор немесе эдвайзер кім және оларға қалай хабарласамын?,"Куратор/эдвайзер — сізге тағайындалған, оқу мәселелерінде көмектесетін оқытушы; байланысу үшін атын СДУ порталындағы жеке профиліңізден тауып, e-mail арқылы хабарласасыз.",verified,Author-supplied updated answer; imported without rewriting.,FAQ0988,163,1,2024-11-20,University related/По университету/Университет бойынша,kk,line_order,"Куратор/эдвайзер — сізге тағайындалған, оқу мәселелерінде көмектесетін оқытушы; байланысу үшін атын СДУ порталындағы жеке профиліңізден тауып, e-mail арқылы хабарласасыз.",,,
R163_Q02,kk,"декан, ректор деген кімдер?","Декан — факультет басшысы, ал ректор — университеттің жалпы басшысы (қазіргі ректор — Игенбаев Алимжан Бекежанович).",verified,Author-supplied updated answer; imported without rewriting.,FAQ0989,163,2,2024-11-20,University related/По университету/Университет бойынша,kk,line_order,"Декан — факультет басшысы, ал ректор — университеттің жалпы басшысы (қазіргі ректор — Игенбаев Алимжан Бекежанович).",,,
R163_Q03,kk,Кредиттік оқу жүйесі қалай жұмыс істейді?,"Кредиттік оқу жүйесі бойынша әр пән белгілі бір ECTS кредитіне (оқу жүктемесіне) сәйкес келеді, семестр сайын белгілі бір кредит санын (шамамен 20-30 ECTS) жинау қажет, ал GPA осы кредиттер мен бағалар негізінде есептеледі.",verified,Author-supplied updated answer; imported without rewriting.,FAQ0990,163,3,2024-11-20,University related/По университету/Университет бойынша,kk,line_order,"Кредиттік оқу жүйесі бойынша әр пән белгілі бір ECTS кредитіне (оқу жүктемесіне) сәйкес келеді, семестр сайын белгілі бір кредит санын (шамамен 20-30 ECTS) жинау қажет, ал GPA осы кредиттер мен бағалар негізінде есептеледі.",,,
R163_Q04,kk,Жатақханаға орналасу процесі қандай?,"Жатақханаға орналасу үшін алдымен арнайы телеграм-бот немесе портал арқылы тіркеліп, бөлме таңдап, содан кейін жатақхана әкімшілігінде құжаттарды рәсімдеу қажет.",verified,Author-supplied updated answer; imported without rewriting.,FAQ0991,163,4,2024-11-20,University related/По университету/Университет бойынша,kk,line_order,"Жатақханаға орналасу үшін алдымен арнайы телеграм-бот немесе портал арқылы тіркеліп, бөлме таңдап, содан кейін жатақхана әкімшілігінде құжаттарды рәсімдеу қажет.",,,
R164_Q01,kk,Уневерситеке тускенде біз және виза ға қатысты бір ақша беретыннымізды білмедык алоны бізге айтқан ешкем жоқ артын да партал ашылмай және ақша беретын нымізды білдык 😭😭,Келешы жылы уневерситке және басқада шетел қанжас student тер келеды солуақыт та бір виза мәселесын және басқан дай заттар ды жақсы тусындіретын бір ағай біздың дәукыметты өткызып алса жақсы еды,needs_review,,FAQ0992,164,1,2024-11-29,University related/По университету/Университет бойынша,kk,single,Келешы жылы уневерситке және басқада шетел қанжас student тер келеды солуақыт та бір виза мәселесын және басқан дай заттар ды жақсы тусындіретын бір ағай біздың дәукыметты өткызып алса жақсы еды,,,
R165_Q01,kk,Университет кампустағы экологияны жақсарту үшін қандай шаралар қолданады?,Университет кампустағы экологияны жақсарту үшін қандай шаралар қолданады?,alignment_review,Answer repeats question; not a usable answer.,FAQ0993,165,1,2024-12-02,University related/По университету/Университет бойынша,kk,numbered,Университет кампустағы экологияны жақсарту үшін қандай шаралар қолданады?,,,
R165_Q02,kk,Оқыту сапасын арттыру бойынша оқытушыларға арналған тренингтер қаншалықты жиі өткізіледі?,Оқыту сапасын арттыру бойынша оқытушыларға арналған тренингтер қаншалықты жиі өткізіледі?,alignment_review,Answer repeats question; not a usable answer.,FAQ0994,165,2,2024-12-02,University related/По университету/Университет бойынша,kk,numbered,Оқыту сапасын арттыру бойынша оқытушыларға арналған тренингтер қаншалықты жиі өткізіледі?,,,
R165_Q03,kk,Университетте волонтерлік қызметпен белсенді айналысатын студенттерге арналған стипендиялар бар ма?,Университетте волонтерлік қызметпен белсенді айналысатын студенттерге арналған стипендиялар бар ма?,alignment_review,Answer repeats question; not a usable answer.,FAQ0995,165,3,2024-12-02,University related/По университету/Университет бойынша,kk,numbered,Университетте волонтерлік қызметпен белсенді айналысатын студенттерге арналған стипендиялар бар ма?,,,
R165_Q04,kk,Жақын арада спорт залдарын немесе спортзалдарды кеңейту жоспарлануда ма?,Жақын арада спорт залдарын немесе спортзалдарды кеңейту жоспарлануда ма?,alignment_review,Answer repeats question; not a usable answer.,FAQ0996,165,4,2024-12-02,University related/По университету/Университет бойынша,kk,numbered,Жақын арада спорт залдарын немесе спортзалдарды кеңейту жоспарлануда ма?,,,
R165_Q05,kk,Барлық пәндер үшін силлабусқа қандай міндетті бөлімдер енгізілуі керек?,Барлық пәндер үшін силлабусқа қандай міндетті бөлімдер енгізілуі керек?,alignment_review,Answer repeats question; not a usable answer.,FAQ0997,165,5,2024-12-02,University related/По университету/Университет бойынша,kk,numbered,Барлық пәндер үшін силлабусқа қандай міндетті бөлімдер енгізілуі керек?,,,
R165_Q06,kk,Курстың құрылымын өз бетінше зерттеу үшін силлабус үлгісін қайдан табуға болады?,Курстың құрылымын өз бетінше зерттеу үшін силлабус үлгісін қайдан табуға болады?,alignment_review,Answer repeats question; not a usable answer.,FAQ0998,165,6,2024-12-02,University related/По университету/Университет бойынша,kk,numbered,Курстың құрылымын өз бетінше зерттеу үшін силлабус үлгісін қайдан табуға болады?,,,
R165_Q07,kk,Шетелдік студенттерді университет өміріне біріктіру үшін қандай шаралар қабылдануда?,Шетелдік студенттерді университет өміріне біріктіру үшін қандай шаралар қабылдануда?,alignment_review,Answer repeats question; not a usable answer.,FAQ0999,165,7,2024-12-02,University related/По университету/Университет бойынша,kk,numbered,Шетелдік студенттерді университет өміріне біріктіру үшін қандай шаралар қабылдануда?,,,
R165_Q08,kk,Университет білім беру процесіне виртуалды шындық сияқты жаңа технологияларды енгізуді жоспарлап отыр ма?,"Университет білім беру процесіне виртуалды шындық сияқты жаңа технологияларды енгізуді жоспарлап отыр ма?""",alignment_review,Answer repeats question; not a usable answer.,FAQ1000,165,8,2024-12-02,University related/По университету/Университет бойынша,kk,numbered,"Университет білім беру процесіне виртуалды шындық сияқты жаңа технологияларды енгізуді жоспарлап отыр ма?""",,,
